ADM0_NAME,ADM0_PCODE,ADM1_NAME,ADM1_PCODE,ADM2_NAME,ADM2_PCODE,SenDist_en,SenDistPcode,F_TL,M_TL,T_TL,F_00_04,F_05_09,F_10_14,F_15_19,F_20_24,F_25_29,F_30_34,F_35_39,F_40_44,F_45_49,F_50_54,F_55_59,F_60_64,F_65_69,F_70_74,F_75_79,F_80Plus,M_00_04,M_05_09,M_10_14,M_15_19,M_20_24,M_25_29,M_30_34,M_35_39,M_40_44,M_45_49,M_50_54,M_55_59,M_60_64,M_65_69,M_70_74,M_75_79,M_80Plus,T_00_04,T_05_09,T_10_14,T_15_19,T_20_24,T_25_29,T_30_34,T_35_39,T_40_44,T_45_49,T_50_54,T_55_59,T_60_64,T_65_69,T_70_74,T_75_79,T_80Plus
NIGERIA,NG,ABIA,NG001,ABA NORTH,NG001001,Abia South,NG00103,676387,689766,1366153,76887,76490,90080,82943,63413,52971,46036,42703,33620,29880,21876,19637,13046,11165,7329,4952,3359,80217,78680,87350,83080,68280,54714,46706,39922,36965,32232,24097,20192,12988,11137,6482,4379,2345,157104,155170,177430,166023,131693,107685,92742,82625,70585,62112,45973,39829,26034,22302,13811,9331,5704
NIGERIA,NG,ABIA,NG001,AROCHUKWU,NG001003,Abia North,NG00102,648167,641770,1289937,68765,72579,80004,77043,56487,44468,40239,39436,33070,31150,24300,24457,17431,16748,10433,7541,4016,71451,76646,85775,83936,64900,46865,36750,32738,30496,27590,21340,19939,13230,13170,7860,6154,2930,140216,149225,165779,160979,121387,91333,76989,72174,63566,58740,45640,44396,30661,29918,18293,13695,6946
NIGERIA,NG,ABIA,NG001,IKWUANO,NG001005,Abia Central,NG00101,612685,610202,1222887,64831,66798,78621,75374,55431,43792,38477,36585,30501,28260,22471,22364,14975,14320,9393,6472,4020,67090,69305,79489,77681,64673,46267,36303,31563,29481,26740,20610,19924,12401,12436,7424,6015,2800,131921,136103,158110,153055,120104,90059,74780,68148,59982,55000,43081,42288,27376,26756,16817,12487,6820
NIGERIA,NG,ADAMAWA,NG002,DEMSA,NG002001,Adamawa South,NG00203,975116,994490,1969606,171378,145498,119551,101328,84372,71665,60658,48427,42067,30368,26339,20790,18129,13285,11049,6210,4002,180392,150501,123625,105688,79759,67995,62410,53934,43163,33845,25873,20978,15102,12410,9239,6217,3359,351770,295999,243176,207016,164131,139660,123068,102361,85230,64213,52212,41768,33231,25695,20288,12427,7361
NIGERIA,NG,ADAMAWA,NG002,FUFORE,NG002002,Adamawa Central,NG00201,811795,851401,1663196,136569,118838,104910,91408,74055,58097,49157,39498,34915,24590,21618,16055,13669,10314,9427,5067,3608,143059,122460,104475,91118,78602,65922,53682,46576,37425,29761,21723,19368,12350,10725,6984,4668,2503,279628,241298,209385,182526,152657,124019,102839,86074,72340,54351,43341,35423,26019,21039,16411,9735,6111
NIGERIA,NG,ADAMAWA,NG002,MADAGALI,NG002010,Adamawa North,NG00202,381341,382456,763797,64813,56240,48550,40468,31789,25961,21816,17778,16168,12387,11777,8376,8163,6141,5804,2973,2137,68470,58189,49705,41724,31871,26375,22715,19366,15257,12430,9152,8553,5484,5182,3912,2519,1552,133283,114429,98255,82192,63660,52336,44531,37144,31425,24817,20929,16929,13647,11323,9716,5492,3689
NIGERIA,NG,AKWA IBOM,NG003,ABAK,NG003001,Akwa Ibom North West,NG00302,859336,873108,1732444,99309,104529,109114,102482,74872,62462,55853,54948,44511,40666,29496,25846,20887,17163,9272,5264,2662,104988,111281,114847,109919,86022,64482,51686,46637,42802,38074,29536,23626,19255,13991,8390,5002,2570,204297,215810,223961,212401,160894,126944,107539,101585,87313,78740,59032,49472,40142,31154,17662,10266,5232
NIGERIA,NG,AKWA IBOM,NG003,EASTERN OBOLO,NG003002,Akwa Ibom South,NG00303,939692,980540,1920232,111632,117516,119430,109505,82466,70847,62900,61838,48897,43811,31724,27599,20176,15894,7684,5536,2237,118947,125449,126364,119478,95992,73115,60080,55745,49650,42463,32674,26634,21083,15518,9227,5595,2526,230579,242965,245794,228983,178458,143962,122980,117583,98547,86274,64398,54233,41259,31412,16911,11131,4763
NIGERIA,NG,AKWA IBOM,NG003,ETINAN,NG003007,Akwa Ibom North East,NG00301,990184,1022904,2013088,115319,120178,125243,117396,89546,74678,65596,63881,51236,45964,33169,29509,22152,19489,9130,5122,2576,121649,128227,130511,125878,103709,78494,63082,57353,51070,45103,33811,27616,21598,16731,9836,5636,2600,236968,248405,255754,243274,193255,153172,128678,121234,102306,91067,66980,57125,43750,36220,18966,10758,5176
NIGERIA,NG,ANAMBRA,NG004,AGUATA,NG004001,Anambra South,NG00403,1051430,1059326,2110756,112060,118629,135549,130210,98424,78960,68324,66170,53202,49209,34961,35180,22715,21693,12369,9232,4543,117313,125242,139468,134679,106730,77577,63318,56954,53712,47925,37747,32193,22814,19490,11694,8260,4210,229373,243871,275017,264889,205154,156537,131642,123124,106914,97134,72708,67373,45529,41183,24063,17492,8753
NIGERIA,NG,ANAMBRA,NG004,ANAMBRA EAST,NG004002,Anambra North,NG00402,882706,920115,1802821,97437,101245,117201,108109,82276,70232,59540,55451,45192,40320,28674,26358,16677,14716,9155,6698,3425,100792,106679,118270,114751,93483,75030,60541,51440,47362,40792,32359,26030,19692,15107,8942,5789,3056,198229,207924,235471,222860,175759,145262,120081,106891,92554,81112,61033,52388,36369,29823,18097,12487,6481
NIGERIA,NG,ANAMBRA,NG004,ANAOCHA,NG004004,Anambra Central,NG00401,998740,1024467,2023207,109973,114430,126983,119128,92763,76658,65924,63959,50741,46339,32243,34067,19743,20108,11435,9704,4542,114891,120793,130938,126586,104374,79517,63844,56240,52114,46075,35295,31259,20525,19073,10803,8339,3801,224864,235223,257921,245714,197137,156175,129768,120199,102855,92414,67538,65326,40268,39181,22238,18043,8343
NIGERIA,NG,BAUCHI,NG005,ALKALERI,NG005001,Bauchi South,NG00503,1200773,1244572,2445345,230561,184323,150062,133084,105786,86235,71214,56315,48044,33224,29746,20628,17914,11945,10869,6047,4776,243732,194375,161165,133957,98042,83869,73102,62063,51161,38730,30751,23598,16829,12875,9835,6448,4040,474293,378698,311227,267041,203828,170104,144316,118378,99205,71954,60497,44226,34743,24820,20704,12495,8816
NIGERIA,NG,BAUCHI,NG005,Damban,NG005004,Bauchi Central,NG00501,1102253,1150685,2252938,220404,173965,134890,116001,94230,79001,66764,51180,44810,30271,28665,16156,17915,9376,9381,5068,4176,233264,186179,148969,121485,85732,73832,67863,56469,48301,33953,30519,18119,17524,9560,10057,5123,3736,453668,360144,283859,237486,179962,152833,134627,107649,93111,64224,59184,34275,35439,18936,19438,10191,7912
NIGERIA,NG,BAUCHI,NG005,GAMAWA,NG005007,Bauchi North,NG00502,969490,1022361,1991851,188334,150723,117307,103169,85224,70622,60798,46000,40397,26783,25120,14556,15656,8794,8460,4055,3492,202504,165105,131880,107309,76990,65520,62070,50097,44110,30587,28072,16134,15992,8402,9674,4279,3636,390838,315828,249187,210478,162214,136142,122868,96097,84507,57370,53192,30690,31648,17196,18134,8334,7128
NIGERIA,NG,BAYELSA,NG006,BRASS,NG006001,Bayelsa East,NG00602,237154,247846,485000,28291,30157,30565,28300,20369,17445,15851,15417,12363,10889,7633,6750,5076,3645,1931,1673,799,29482,31974,32491,31496,24165,18084,15179,13626,12632,10582,8305,6346,5007,3713,2423,1542,799,57773,62131,63056,59796,44534,35529,31030,29043,24995,21471,15938,13096,10083,7358,4354,3215,1598
NIGERIA,NG,BAYELSA,NG006,EKEREMOR,NG006002,Bayelsa West,NG00603,374263,388881,763144,47260,48485,47529,42270,31471,26995,25151,24501,19299,17492,12358,10435,7718,6104,3444,2521,1230,50082,52712,51154,47617,36603,27724,23372,20729,19392,15785,13768,8908,8106,5232,4211,2116,1370,97342,101197,98683,89887,68074,54719,48523,45230,38691,33277,26126,19343,15824,11336,7655,4637,2600
NIGERIA,NG,BAYELSA,NG006,KOLOKUMA/OPOKUMA,NG006003,Bayelsa Central,NG00601,625544,664086,1289630,74903,79158,79008,74175,57456,48933,43235,40685,31318,27290,18808,17490,12112,9646,5460,3579,2288,78471,84719,83734,81467,67316,52932,43934,38418,33940,28020,21668,16233,12668,8641,6156,3630,2139,153374,163877,162742,155642,124772,101865,87169,79103,65258,55310,40476,33723,24780,18287,11616,7209,4427
NIGERIA,NG,BENUE,NG007,ADO,NG007001,Benue South,NG00703,986395,1009046,1995441,181035,143661,122294,107367,83102,71243,60585,49851,43379,31676,26583,18504,19248,11769,8135,4729,3234,190350,151958,130532,114668,82639,67179,58610,50357,41715,33382,26364,18294,16523,11081,7408,4982,3004,371385,295619,252826,222035,165741,138422,119195,100208,85094,65058,52947,36798,35771,22850,15543,9711,6238
NIGERIA,NG,BENUE,NG007,BURUKU,NG007004,Benue North West,NG00702,904543,924050,1828593,158028,134188,119733,102993,81388,63128,52320,42741,37338,26870,22692,17328,16599,10829,8869,5336,4163,165073,136570,119577,103789,82341,67117,55595,47705,37763,31549,23193,17859,12720,8729,6755,4499,3216,323101,270758,239310,206782,163729,130245,107915,90446,75101,58419,45885,35187,29319,19558,15624,9835,7379
NIGERIA,NG,BENUE,NG007,KATSINA-ALA,NG007009,Benue North East,NG00701,989404,1001490,1990894,175523,153739,129382,107690,84502,65239,55777,42446,39768,27998,26324,18755,21563,14659,12392,7705,5942,183877,157444,132122,112417,82919,66902,59051,48638,39523,30968,24420,17751,14561,10403,9273,6522,4699,359400,311183,261504,220107,167421,132141,114828,91084,79291,58966,50744,36506,36124,25062,21665,14227,10641
NIGERIA,NG,BORNO,NG008,ABADAM,NG008001,Borno North,NG00802,1141046,1271144,2412190,214256,180052,131240,120691,106025,84307,76649,53608,51083,29322,30996,16084,19507,8846,9980,4360,4040,236816,203172,151070,125320,98169,83928,84754,66821,63904,40652,39159,21024,24843,11045,11892,4798,3777,451072,383224,282310,246011,204194,168235,161403,120429,114987,69974,70155,37108,44350,19891,21872,9158,7817
NIGERIA,NG,BORNO,NG008,ASKIRA/UBA,NG008002,Borno South,NG00803,909028,979547,1888575,172651,138734,107910,95198,79988,66953,54469,42029,38027,26079,24998,16137,16379,10243,10311,4984,3938,185254,154793,126273,107894,77761,66514,60554,49156,40129,28914,24761,16098,14543,9173,9270,4701,3759,357905,293527,234183,203092,157749,133467,115023,91185,78156,54993,49759,32235,30922,19416,19581,9685,7697
NIGERIA,NG,BORNO,NG008,BAMA,NG008003,Borno Central,NG00801,1104650,1189577,2294227,209960,174191,130097,111039,99447,79273,70498,50927,49776,29396,31272,17070,21027,9862,11518,4807,4490,222875,186974,144530,115683,94860,83539,75684,60547,56817,39012,34816,22981,21397,11235,10467,4557,3603,432835,361165,274627,226722,194307,162812,146182,111474,106593,68408,66088,40051,42424,21097,21985,9364,8093
NIGERIA,NG,CROSS RIVER,NG009,ABI,NG009001,Cross River Central,NG00901,573527,588774,1162301,70796,73474,73057,65947,50260,42285,37614,36010,29161,25594,19376,14868,13536,9712,5844,3873,2120,74723,78160,77055,72145,57356,44351,36075,32114,28835,24438,19052,14321,11723,8248,5085,3199,1894,145519,151634,150112,138092,107616,86636,73689,68124,57996,50032,38428,29189,25259,17960,10929,7072,4014
NIGERIA,NG,CROSS RIVER,NG009,AKAMKPA,NG009002,Cross River South,NG00903,688207,735204,1423411,86433,86297,87879,84286,69346,53864,46205,42289,34246,27257,20543,15752,12468,9588,5930,3738,2086,90804,92634,91502,85010,76172,62819,49285,43414,37928,31997,23600,17008,12734,9413,5577,3574,1733,177237,178931,179381,169296,145518,116683,95490,85703,72174,59254,44143,32760,25202,19001,11507,7312,3819
NIGERIA,NG,CROSS RIVER,NG009,Bekwara,NG009006,Cross River North,NG00902,680844,691709,1372553,85873,87255,86131,78230,58032,49409,43927,42578,34726,31007,23707,18131,15135,12340,6915,4948,2500,89943,93007,91778,85165,66270,50052,40584,36437,33081,28842,22932,16671,13354,10529,6491,4182,2391,175816,180262,177909,163395,124302,99461,84511,79015,67807,59849,46639,34802,28489,22869,13406,9130,4891
NIGERIA,NG,DELTA,NG010,ANIOCHA NORTH,NG010001,Delta North,NG01002,877320,860873,1738193,104243,97844,109777,102294,82669,63448,54041,49880,41317,39362,29918,32334,20708,20812,12755,10460,5458,106695,100040,108100,103897,89977,68445,54710,47645,39438,35604,26440,26655,16364,16291,9446,7771,3355,210938,197884,217877,206191,172646,131893,108751,97525,80755,74966,56358,58989,37072,37103,22201,18231,8813
NIGERIA,NG,DELTA,NG010,BOMADI,NG010003,Delta South,NG01003,859430,890821,1750251,102008,105070,108883,98905,76192,64320,56556,55510,43511,40067,28686,26963,17434,15370,9317,6727,3911,108014,112285,114348,109441,88944,68710,55546,50684,44089,38421,28944,24509,15884,13357,8328,6058,3259,210022,217355,223231,208346,165136,133030,112102,106194,87600,78488,57630,51472,33318,28727,17645,12785,7170
NIGERIA,NG,DELTA,NG010,ETHIOPE EAST,NG010005,Delta Central,NG01001,1163011,1176271,2339282,145808,144225,146670,131824,104895,86948,76117,72827,57742,52728,36401,36765,21131,19648,13016,9853,6413,152393,151100,150746,140602,118682,90787,72614,65071,56206,49604,37112,31491,20077,17754,9921,8057,4054,298201,295325,297416,272426,223577,177735,148731,137898,113948,102332,73513,68256,41208,37402,22937,17910,10467
NIGERIA,NG,EBONYI,NG011,ABAKALIKI,NG011001,Ebonyi North,NG01103,418514,385431,803945,66829,60802,54415,49721,34375,29630,25695,22718,18839,15498,11147,9401,7492,5658,3052,1923,1319,67844,59735,51160,42420,31620,24009,20912,19225,16936,14629,11486,7886,6668,4990,2773,1966,1172,134673,120537,105575,92141,65995,53639,46607,41943,35775,30127,22633,17287,14160,10648,5825,3889,2491
NIGERIA,NG,EBONYI,NG011,AFIKPO NORTH,NG011002,Ebonyi South,NG01101,703035,709066,1412101,82679,84009,89448,82111,59935,49022,44191,44531,36621,33302,24334,22700,17603,15376,8783,5276,3114,87003,90145,95044,91762,71070,49562,39241,35907,33623,29711,23227,20080,14389,11859,7541,6087,2815,169682,174154,184492,173873,131005,98584,83432,80438,70244,63013,47561,42780,31992,27235,16324,11363,5929
NIGERIA,NG,EBONYI,NG011,EZZA NORTH,NG011005,Ebonyi Central,NG01102,402350,364737,767087,58382,54899,50691,47168,31209,26263,24149,22937,20692,18876,12681,10387,8859,6552,4116,2777,1712,58986,53874,50830,42489,29393,21914,19431,17206,16629,14107,11396,8269,7484,5627,3541,2185,1376,117368,108773,101521,89657,60602,48177,43580,40143,37321,32983,24077,18656,16343,12179,7657,4962,3088
NIGERIA,NG,EDO,NG012,AKOKO-EDO,NG012001,Edo North,NG01203,774381,787885,1562266,93398,95604,96369,87682,68445,55600,49004,47660,39072,36001,26347,25044,16946,15923,9787,7399,4100,99429,102829,103186,97697,79929,59347,45541,40874,36553,32377,24652,21380,14053,13204,7833,5939,3062,192827,198433,199555,185379,148374,114947,94545,88534,75625,68378,50999,46424,30999,29127,17620,13338,7162
NIGERIA,NG,EDO,NG012,EGOR,NG012002,Edo South,NG01201,985092,1009164,1994256,120333,111889,120236,109319,99645,78969,63658,59381,45960,43622,31132,34912,19289,19418,11861,9145,6323,126357,113320,115951,111743,117725,98098,70899,60347,43898,41947,28435,31648,15895,15725,7860,6166,3150,246690,225209,236187,221062,217370,177067,134557,119728,89858,85569,59567,66560,35184,35143,19721,15311,9473
NIGERIA,NG,EDO,NG012,ESAN CENTRAL,NG012003,Edo Central,NG01202,414873,421675,836548,48025,48432,51190,48303,38867,29561,24780,24211,20244,19430,14229,15000,9671,9823,5888,4737,2482,50643,51742,54082,53339,47036,34292,24436,20942,18502,17048,12903,12069,7443,7314,4573,3485,1826,98668,100174,105272,101642,85903,63853,49216,45153,38746,36478,27132,27069,17114,17137,10461,8222,4308
NIGERIA,NG,EKITI,NG013,Ado Ekiti,NG013001,Ekiti Central,NG01302,695129,722216,1417345,74966,80885,89889,83749,71735,52365,42757,42763,33894,31772,21219,23732,14671,16538,7219,4231,2744,79229,85659,92784,91583,89234,61141,42118,37181,33874,29045,23411,18648,14314,11067,7160,3624,2144,154195,166544,182673,175332,160969,113506,84875,79944,67768,60817,44630,42380,28985,27605,14379,7855,4888
NIGERIA,NG,EKITI,NG013,EKITI EAST,NG013004,Ekiti South,NG01301,657013,646571,1303584,70356,77958,85740,86170,71438,46744,39217,38958,30819,29333,21084,21046,14460,10306,6054,4573,2757,73480,82072,90602,84507,68922,46649,37206,32157,30840,26619,21722,15619,13369,10070,7131,3385,2221,143836,160030,176342,170677,140360,93393,76423,71115,61659,55952,42806,36665,27829,20376,13185,7958,4978
NIGERIA,NG,EKITI,NG013,IDO-OSI,NG013008,Ekiti North,NG01303,388220,401803,790023,43553,48161,54891,47139,32153,26674,23709,24103,19848,18511,12636,12864,8934,7321,3338,2891,1494,46322,51226,58288,55387,40315,27148,22071,19863,18674,16369,13189,10011,8343,6576,4035,2647,1339,89875,99387,113179,102526,72468,53822,45780,43966,38522,34880,25825,22875,17277,13897,7373,5538,2833
NIGERIA,NG,ENUGU,NG014,ANINRI,NG014001,Enugu West,NG01403,577214,540886,1118100,61078,60139,67487,65930,48540,38353,35569,35168,30805,30642,23897,24369,17416,17386,9703,7152,3580,60574,62556,70498,66759,52374,37702,29509,27093,26081,25152,20102,18785,13731,13406,8514,5308,2742,121652,122695,137985,132689,100914,76055,65078,62261,56886,55794,43999,43154,31147,30792,18217,12460,6322
NIGERIA,NG,ENUGU,NG014,ENUGU EAST,NG014003,Enugu East,NG01402,804901,753704,1558605,88100,83464,102978,100540,87994,61715,49358,47782,39686,37215,27120,27040,17521,16247,8942,6073,3126,88577,82965,91912,86642,84440,61421,43100,39658,36580,37117,26700,26702,15970,16186,8201,5306,2227,176677,166429,194890,187182,172434,123136,92458,87440,76266,74332,53820,53742,33491,32433,17143,11379,5353
NIGERIA,NG,ENUGU,NG014,Igbo-Etiti,NG014007,Enugu North,NG01401,887261,851761,1739022,100846,104109,113457,108314,80671,61553,55199,53031,46634,42198,31619,28055,22288,17918,11049,6751,3569,103950,109134,115023,107638,84823,59271,45736,41501,39961,36056,29589,24422,19605,15601,10386,5858,3207,204796,213243,228480,215952,165494,120824,100935,94532,86595,78254,61208,52477,41893,33519,21435,12609,6776
NIGERIA,NG,FEDERAL CAPITAL TERRITORY,NG015,ABAJI,NG015001,Federal Capital Territory,NG01501,2262531,2572216,4834747,368062,295804,274169,226094,240570,239062,186691,144517,92826,66230,38666,33081,18099,16523,10377,6774,4986,366734,281057,232913,202152,248382,310563,263226,228757,148467,121262,62545,53076,20135,16802,7187,5307,3651,734796,576861,507082,428246,488952,549625,449917,373274,241293,187492,101211,86157,38234,33325,17564,12081,8637
NIGERIA,NG,GOMBE,NG016,AKKO,NG016001,Gombe Central,NG01601,321268,357088,678356,62605,49719,39869,34523,28206,23225,18961,14754,12712,8938,8043,5568,4934,3248,3187,1601,1175,67972,56794,48373,40678,28440,23161,20840,17524,14094,10399,8516,6175,4871,3551,2852,1896,952,130577,106513,88242,75201,56646,46386,39801,32278,26806,19337,16559,11743,9805,6799,6039,3497,2127
NIGERIA,NG,GOMBE,NG016,BALANGA,NG016002,Gombe South,NG01603,587997,609066,1197063,113625,86973,71917,64593,50593,43156,35185,27985,23439,17461,14184,11496,9679,7438,5201,3168,1904,120584,94025,77823,66246,48109,40568,36207,31055,25269,19454,14915,10951,8211,5736,4599,3406,1908,234209,180998,149740,130839,98702,83724,71392,59040,48708,36915,29099,22447,17890,13174,9800,6574,3812
NIGERIA,NG,GOMBE,NG016,DUKKU,NG016004,Gombe North,NG01602,690295,826731,1517026,135366,104313,86274,75132,59494,50327,41086,33091,27697,19584,17238,11462,10364,6662,6353,3319,2533,145955,126462,121967,102735,72843,55965,47145,38495,31319,23404,18208,13227,10279,7385,5835,3460,2047,281321,230775,208241,177867,132337,106292,88231,71586,59016,42988,35446,24689,20643,14047,12188,6779,4580
NIGERIA,NG,IMO,NG017,Aboh-Mbaise,NG017001,Imo East,NG01701,995177,985055,1980232,108734,105452,121901,117357,94024,73919,64595,61614,51312,47907,35988,34812,24617,23323,14437,10135,5050,112724,110618,121533,119461,104379,76013,59566,53094,49848,45871,35674,31252,20588,19518,11871,8979,4066,221458,216070,243434,236818,198403,149932,124161,114708,101160,93778,71662,66064,45205,42841,26308,19114,9116
NIGERIA,NG,IMO,NG017,Ehime-Mbano,NG017003,Imo North,NG01702,591963,600242,1192205,66495,69689,75409,71120,51866,43001,38298,37739,30740,28485,19984,19828,11943,13207,7246,4690,2223,69907,74490,80016,77510,59647,42777,34897,31179,29370,26520,20274,17873,12252,10284,6665,4269,2312,136402,144179,155425,148630,111513,85778,73195,68918,60110,55005,40258,37701,24195,23491,13911,8959,4535
NIGERIA,NG,IMO,NG017,IDEATO NORTH,NG017005,Imo West,NG01703,1178241,1196849,2375090,134013,140273,152994,138748,100943,84933,76033,75363,60805,55900,39858,38567,26233,25239,13426,9937,4976,142471,150233,160319,152187,115421,84699,69080,62950,59160,52562,41246,34423,25133,20479,12934,8875,4677,276484,290506,313313,290935,216364,169632,145113,138313,119965,108462,81104,72990,51366,45718,26360,18812,9653
NIGERIA,NG,JIGAWA,NG018,AUYO,NG018001,Jigawa North-East,NG01801,824462,866810,1691272,158586,128094,97328,87066,73219,60552,53766,38676,35988,21536,22670,11658,14135,6448,8247,3035,3458,174653,139640,106033,88332,63158,54052,55013,43565,40351,25739,26108,12298,14877,6493,9588,3220,3690,333239,267734,203361,175398,136377,114604,108779,82241,76339,47275,48778,23956,29012,12941,17835,6255,7148
NIGERIA,NG,JIGAWA,NG018,BABURA,NG018002,Jigawa North-West,NG01802,1158511,1179614,2338125,223881,179202,135496,118007,101120,84848,75631,55052,51850,31613,32989,16564,20645,9315,12300,4713,5285,240408,189192,142468,116082,85055,73562,74617,59270,55788,35746,36932,17022,21445,8733,13493,4526,5275,464289,368394,277964,234089,186175,158410,150248,114322,107638,67359,69921,33586,42090,18048,25793,9239,10560
NIGERIA,NG,JIGAWA,NG018,Birni Kudu,NG018004,Jigawa South-West,NG01803,945491,946942,1892433,181346,151981,107006,95587,85022,68803,64163,42681,43459,22563,26483,13287,16931,7585,10505,3731,4358,199137,154020,110221,87333,60141,57030,62579,48398,47340,27168,30996,15042,19272,7919,11955,4001,4390,380483,306001,217227,182920,145163,125833,126742,91079,90799,49731,57479,28329,36203,15504,22460,7732,8748
NIGERIA,NG,KADUNA,NG019,Birnin-Gwari,NG019001,Kaduna Central,NG01901,1329630,1371699,2701329,244232,200422,167780,145297,120385,100435,80691,66296,54416,40180,32396,23571,17515,12387,11352,6421,5854,248452,199733,166993,142262,118011,106017,89383,78074,60076,48256,34110,30175,17810,13079,9073,5876,4319,492684,400155,334773,287559,238396,206452,170074,144370,114492,88436,66506,53746,35325,25466,20425,12297,10173
NIGERIA,NG,KADUNA,NG019,IKARA,NG019005,Kaduna North,NG01902,1340543,1383402,2723945,260449,208547,162668,144893,120662,97771,80946,62109,53809,36574,33745,22137,19523,12386,12555,6055,5714,267061,213830,176289,147931,112621,96970,83651,69930,57491,42128,34793,25924,19562,12989,11346,6001,4885,527510,422377,338957,292824,233283,194741,164597,132039,111300,78702,68538,48061,39085,25375,23901,12056,10599
NIGERIA,NG,KADUNA,NG019,JABA,NG019006,Kaduna South,NG01903,1647823,1684950,3332773,316448,242337,200951,176560,140498,120827,99100,81212,66365,50063,38502,36002,24401,21909,15036,10990,6622,329464,254826,212334,181775,134916,114893,102249,88239,70384,55155,40733,32938,21421,18169,11804,9014,6636,645912,497163,413285,358335,275414,235720,201349,169451,136749,105218,79235,68940,45822,40078,26840,20004,13258
NIGERIA,NG,KANO,NG020,AJINGI,NG020001,Kano South,NG02001,1991198,2067531,4058729,387753,322980,227962,200544,177021,146098,130085,90671,87532,50683,54767,27118,33549,15389,21368,8085,9593,412439,340191,261361,214987,146611,127716,126706,100822,94047,58111,61392,31265,36137,16043,22391,8246,9066,800192,663171,489323,415531,323632,273814,256791,191493,181579,108794,116159,58383,69686,31432,43759,16331,18659
NIGERIA,NG,KANO,NG020,BAGWAI,NG020003,Kano North,NG02003,1707593,1773259,3480852,337082,269591,198305,173165,145784,123230,108558,79674,74975,45175,48347,25108,29568,13848,19406,7538,8239,361310,289537,226417,185655,127262,108696,103576,84962,78255,51294,51932,26719,30818,13574,18906,6791,7555,698392,559128,424722,358820,273046,231926,212134,164636,153230,96469,100279,51827,60386,27422,38312,14329,15794
NIGERIA,NG,KANO,NG020,DALA,NG020007,Kano Central,NG02002,2725818,3346731,6072549,531571,418644,340619,291800,242566,202141,164638,126887,113418,70452,67622,42445,39734,22779,26699,10916,12887,569178,478228,462218,411254,298879,244991,206592,169258,140761,99546,81712,62256,45517,29167,24683,12507,9984,1100749,896872,802837,703054,541445,447132,371230,296145,254179,169998,149334,104701,85251,51946,51382,23423,22871
NIGERIA,NG,KATSINA,NG021,BAKORI,NG021001,Katsina South,NG02103,1266582,1306181,2572763,254260,200436,152304,135153,111698,92467,77009,57724,51564,32498,32044,18241,19490,10237,11279,5110,5068,272894,213611,166054,131909,93601,84420,79230,64547,55165,37854,35221,20216,19951,10021,11450,5131,4906,527154,414047,318358,267062,205299,176887,156239,122271,106729,70352,67265,38457,39441,20258,22729,10241,9974
NIGERIA,NG,KATSINA,NG021,BATAGARAWA,NG021002,Katsina Central,NG02101,1290033,1362985,2653018,259323,203254,154711,131998,112052,93503,79494,60170,54206,34518,33104,19319,20354,11277,12279,5677,4794,282448,220437,171742,136237,100006,86016,81634,68343,60295,41702,37487,21897,21533,11193,11686,6035,4294,541771,423691,326453,268235,212058,179519,161128,128513,114501,76220,70591,41216,41887,22470,23965,11712,9088
NIGERIA,NG,KATSINA,NG021,BAURE,NG021004,Katsina North,NG02102,1389506,1435175,2824681,279062,213008,165435,142000,117831,101715,86514,66956,57793,39702,36215,22767,23366,12549,12989,6594,5010,300420,229160,178458,145141,105280,90829,86051,72362,62454,44694,39273,22628,22709,11391,13055,6324,4946,579482,442168,343893,287141,223111,192544,172565,139318,120247,84396,75488,45395,46075,23940,26044,12918,9956
NIGERIA,NG,KEBBI,NG022,Aleiro,NG022001,Kebbi Central,NG02201,707643,715634,1423277,137198,118250,84870,69380,60159,52742,43767,33206,30288,17130,18369,11190,12393,6691,6788,2953,2269,145308,118739,89575,69763,49767,47413,42371,36404,30771,21642,19501,14555,12151,7383,5719,2857,1715,282506,236989,174445,139143,109926,100155,86138,69610,61059,38772,37870,25745,24544,14074,12507,5810,3984
NIGERIA,NG,KEBBI,NG022,AREWA-DANDI,NG022002,Kebbi North,NG02202,802009,804948,1606957,153968,134599,94027,79696,70706,60657,50776,36738,34242,19408,21445,11859,13623,6973,7709,2959,2624,162677,135263,99453,78359,55731,53764,49435,40859,34587,23785,21850,15344,13918,7847,6694,3168,2214,316645,269862,193480,158055,126437,114421,100211,77597,68829,43193,43295,27203,27541,14820,14403,6127,4838
NIGERIA,NG,KEBBI,NG022,FAKAI,NG022009,Kebbi South,NG02203,730702,749538,1480240,143426,118867,87768,76737,64427,53238,41891,31722,29432,18143,19155,11761,12269,7108,7987,3456,3315,152830,121137,92288,74719,54485,52165,46957,37958,30653,20980,19199,13526,12016,7089,6956,3523,3057,296256,240004,180056,151456,118912,105403,88848,69680,60085,39123,38354,25287,24285,14197,14943,6979,6372
NIGERIA,NG,KOGI,NG023,ADAVI,NG023001,Kogi Central,NG02301,505528,518345,1023873,95550,73703,61913,53110,42454,37459,31791,26980,21891,16332,12237,10467,8174,6677,3241,2224,1325,99828,76894,65222,55879,41791,34835,30782,27381,23108,18347,13748,9456,8243,5925,3471,2246,1189,195378,150597,127135,108989,84245,72294,62573,54361,44999,34679,25985,19923,16417,12602,6712,4470,2514
NIGERIA,NG,KOGI,NG023,ANKPA,NG023003,Kogi East,NG02302,999923,1014284,2014207,182119,144290,122583,106906,85387,73281,61940,51327,44068,32495,27812,18316,18568,12877,9209,5060,3685,190865,151721,129739,111355,83051,69165,60932,52241,43811,33500,27783,16580,16505,10608,7971,4714,3743,372984,296011,252322,218261,168438,142446,122872,103568,87879,65995,55595,34896,35073,23485,17180,9774,7428
NIGERIA,NG,KOGI,NG023,IJUMU,NG023009,Kogi West,NG02303,879966,918678,1798644,150310,123153,109506,96393,78094,68053,55346,47127,38492,30631,22151,20570,13675,11984,6951,4492,3038,159353,128944,112663,100065,81129,69343,59088,50289,41170,34035,24974,18862,14520,11460,6582,3978,2223,309663,252097,222169,196458,159223,137396,114434,97416,79662,64666,47125,39432,28195,23444,13533,8470,5261
NIGERIA,NG,KWARA,NG024,ASA,NG024001,Kwara Central,NG02401,621447,616348,1237795,93990,81131,75847,63891,54152,46434,38974,34717,30970,24134,20096,17247,13190,10715,7602,5155,3202,97105,83123,75684,67154,60480,48324,37667,33158,28013,23811,18080,15023,10226,8407,5125,3101,1867,191095,164254,151531,131045,114632,94758,76641,67875,58983,47945,38176,32270,23416,19122,12727,8256,5069
NIGERIA,NG,KWARA,NG024,BARUTEN,NG024002,Kwara North,NG02402,665144,712353,1377497,124192,100667,80461,68003,57576,51504,43103,34303,28886,20508,16913,11690,10480,6972,4901,3034,1951,132007,109691,90146,75481,56315,48470,45095,37928,33129,23949,19583,11187,12319,7317,5172,2553,2011,256199,210358,170607,143484,113891,99974,88198,72231,62015,44457,36496,22877,22799,14289,10073,5587,3962
NIGERIA,NG,KWARA,NG024,EKITI,NG024004,Kwara South,NG02403,379247,384168,763415,65642,52730,47315,41150,31716,27230,22608,19611,16277,13207,9483,10836,6955,6829,3590,2583,1485,67842,55458,48744,42946,31842,26377,22746,19795,17182,13520,10254,8611,6221,5922,3357,2190,1161,133484,108188,96059,84096,63558,53607,45354,39406,33459,26727,19737,19447,13176,12751,6947,4773,2646
NIGERIA,NG,LAGOS,NG025,AGEGE,NG025001,Lagos West,NG02501,4334372,4653938,8988310,579722,482096,485423,447045,452695,419923,347996,301064,216546,182350,120773,118972,62026,55053,28515,21190,12983,581891,472032,435394,437684,534853,517162,432653,378920,252462,211467,124789,129784,55708,51420,18849,12740,6130,1161613,954128,920817,884729,987548,937085,780649,679984,469008,393817,245562,248756,117734,106473,47364,33930,19113
NIGERIA,NG,LAGOS,NG025,APAPA,NG025005,Lagos Central,NG02502,1148528,1331630,2480158,132965,112091,120677,123738,131681,116399,90452,78470,58956,49757,34325,35365,20713,19780,10696,8231,4232,134481,108581,103290,116548,175028,180075,139464,114724,75524,63142,37513,36463,16278,16299,6819,5230,2171,267446,220672,223967,240286,306709,296474,229916,193194,134480,112899,71838,71828,36991,36079,17515,13461,6403
NIGERIA,NG,LAGOS,NG025,EPE,NG025007,Lagos East,NG02503,1641471,1769815,3411286,217261,184869,184282,168468,164553,152868,131180,115186,83410,68320,45950,44942,26090,24529,13565,10049,5949,221755,183511,172987,171940,200414,191599,160579,141547,97953,77331,46783,42841,21703,20107,9044,6694,3027,439016,368380,357269,340408,364967,344467,291759,256733,181363,145651,92733,87783,47793,44636,22609,16743,8976
NIGERIA,NG,NASARAWA,NG026,AKWANGA,NG026001,Nassarawa North,NG02602,266378,270828,537206,48932,38628,32577,28956,23705,20161,16015,13119,10958,8303,6475,5428,4079,3686,2437,1895,1024,49953,39547,33439,29756,23643,20224,16783,14493,11277,9161,6517,5258,3433,3002,1976,1356,1010,98885,78175,66016,58712,47348,40385,32798,27612,22235,17464,12992,10686,7512,6688,4413,3251,2034
NIGERIA,NG,NASARAWA,NG026,AWE,NG026002,Nassarawa South,NG02601,513639,526918,1040557,97932,77457,63855,56933,45739,38565,31058,24606,20322,14662,12169,8504,7892,5615,4001,2565,1764,101430,80225,67457,58873,43266,36859,32147,26956,21750,16653,13350,8385,7132,4914,3609,2163,1749,199362,157682,131312,115806,89005,75424,63205,51562,42072,31315,25519,16889,15024,10529,7610,4728,3513
NIGERIA,NG,NASARAWA,NG026,KARU,NG026004,Nassarawa West,NG02603,480204,499033,979237,89700,70069,58155,50249,44650,39392,30814,24241,18889,13823,10985,8655,6570,5591,3840,2703,1878,91458,71577,58925,51125,42854,39735,34518,29762,22216,17131,11803,9188,5829,5195,3683,2415,1619,181158,141646,117080,101374,87504,79127,65332,54003,41105,30954,22788,17843,12399,10786,7523,5118,3497
NIGERIA,NG,NIGER,NG027,AGAIE,NG027001,Niger South,NG02703,1015530,1050439,2065969,199014,154319,122052,106621,88752,77989,62957,50488,40756,29691,24265,18654,15009,11431,6548,4199,2785,209842,164727,131365,108465,81493,71206,63845,54968,45008,34011,26868,17294,15291,10498,7996,4158,3404,408856,319046,253417,215086,170245,149195,126802,105456,85764,63702,51133,35948,30300,21929,14544,8357,6189
NIGERIA,NG,NIGER,NG027,AGWARA,NG027002,Niger North,NG02702,784046,806913,1590959,157934,124780,91926,83439,71291,58569,46630,35096,30582,19964,19522,12373,11800,7044,6854,3328,2914,161109,127233,95866,77055,60433,57426,53332,43520,35837,24653,21664,14546,12472,8019,7120,3724,2904,319043,252013,187792,160494,131724,115995,99962,78616,66419,44617,41186,26919,24272,15063,13974,7052,5818
NIGERIA,NG,NIGER,NG027,BOSSO,NG027005,Niger East,NG02701,1019485,1068856,2088341,195623,156123,126412,110156,93360,80729,63979,50039,38807,27996,21471,15933,12705,9666,7320,4905,4261,198897,159732,130233,109119,88080,81173,71514,62260,46982,36676,26173,19641,12686,9874,7005,4884,3927,394520,315855,256645,219275,181440,161902,135493,112299,85789,64672,47644,35574,25391,19540,14325,9789,8188
NIGERIA,NG,OGUN,NG028,ABEOKUTA NORTH,NG028001,Ogun Central,NG02801,1235268,1225947,2461215,176192,149641,141786,115135,106407,99705,88183,80625,61512,50818,38272,37563,26840,27291,16436,11868,6994,175435,149474,135823,119802,115810,106290,92758,87211,64582,55497,35488,34251,18529,17306,8867,5939,2885,351627,299115,277609,234937,222217,205995,180941,167836,126094,106315,73760,71814,45369,44597,25303,17807,9879
NIGERIA,NG,OGUN,NG028,ADO-ODO/OTA,NG028003,Ogun West,NG02803,823383,806785,1630168,116834,104329,97913,78367,69093,64713,56831,54631,42058,35365,25273,24383,16593,16788,9257,6978,3977,116370,104179,95683,81287,73160,65133,56682,54660,42769,36660,23777,20928,12347,11534,5780,3927,1909,233204,208508,193596,159654,142253,129846,113513,109291,84827,72025,49050,45311,28940,28322,15037,10905,5886
NIGERIA,NG,OGUN,NG028,IJEBU EAST,NG028008,Ogun East,NG02802,877826,884846,1762672,109008,103690,105852,93595,83073,67591,56755,53904,42922,37653,28214,28555,19359,19416,12810,9858,5571,111423,106013,104373,99316,96957,76930,60856,53753,43066,36017,25474,23674,14447,14599,8402,6679,2867,220431,209703,210225,192911,180030,144521,117611,107657,85988,73670,53688,52229,33806,34015,21212,16537,8438
NIGERIA,NG,ONDO,NG029,AKOKO NORTH EAST,NG029001,Ondo North,NG02902,762822,780360,1543182,87582,94118,99622,88602,66252,55400,48918,48184,38937,35951,26306,23921,17944,13297,8729,5111,3948,91384,99895,106017,99019,80122,58097,45763,40768,37915,32279,26546,18697,15565,12228,8477,4809,2779,178966,194013,205639,187621,146374,113497,94681,88952,76852,68230,52852,42618,33509,25525,17206,9920,6727
NIGERIA,NG,ONDO,NG029,AKURE NORTH,NG029005,Ondo Central,NG02901,768084,774526,1542610,96860,93093,95981,83372,67344,59207,51889,48297,39040,33964,25726,22907,17950,14084,8597,5662,4111,98999,95934,95964,90062,78663,63677,52237,46365,37003,32379,23356,19883,13912,12447,6988,4477,2180,195859,189027,191945,173434,146007,122884,104126,94662,76043,66343,49082,42790,31862,26531,15585,10139,6291
NIGERIA,NG,ONDO,NG029,ESE-ODO,NG029007,Ondo South,NG02903,789119,798498,1587617,97230,101199,102050,87562,66081,57747,51845,49521,40386,35506,27041,23246,18249,14565,8097,5193,3601,101339,106950,106702,97362,76440,57998,48198,42983,39134,32806,25900,19315,15878,11997,7983,4712,2801,198569,208149,208752,184924,142521,115745,100043,92504,79520,68312,52941,42561,34127,26562,16080,9905,6402
NIGERIA,NG,OSUN,NG030,Atakumosa East,NG030003,Osun East,NG03002,897007,923935,1820942,96348,103375,112400,103752,85007,68986,56231,54951,45372,42631,32224,30860,22020,18750,11921,7749,4430,102468,109287,115134,114770,107919,77451,57298,48868,44551,38507,30759,24225,17983,15407,9871,6282,3155,198816,212662,227534,218522,192926,146437,113529,103819,89923,81138,62983,55085,40003,34157,21792,14031,7585
NIGERIA,NG,OSUN,NG030,Aiyedade,NG030001,Osun West,NG03003,814678,825304,1639982,93671,100321,105081,93231,68596,58730,52127,52566,42848,39719,28029,27302,18920,15896,9099,5117,3425,98103,106460,110487,103632,80746,60514,48520,43746,40823,35670,28800,21069,17393,13511,7872,4872,3086,191774,206781,215568,196863,149342,119244,100647,96312,83671,75389,56829,48371,36313,29407,16971,9989,6511
NIGERIA,NG,OSUN,NG030,BOLUWADURO,NG030005,Osun Central,NG03001,673786,694030,1367816,79626,83860,86829,77185,58547,50373,43374,44263,34897,31292,21556,23241,13456,12443,6126,4229,2489,84258,89971,91660,84934,69293,53017,40510,37370,34674,29508,23326,18682,13548,11001,6078,3965,2235,163884,173831,178489,162119,127840,103390,83884,81633,69571,60800,44882,41923,27004,23444,12204,8194,4724
NIGERIA,NG,OYO,NG031,AFIJIO,NG031001,Oyo Central,NG03101,1588367,1569248,3157615,196923,198021,200901,166710,131614,119710,105760,99403,80769,72556,54254,52772,36407,32443,19208,12704,8212,203793,201737,199439,177728,145933,119552,102112,92220,79061,67625,50732,43831,30128,26289,14846,8998,5224,400716,399758,400340,344438,277547,239262,207872,191623,159830,140181,104986,96603,66535,58732,34054,21702,13436
NIGERIA,NG,OYO,NG031,Atigbo,NG031004,Oyo North,NG03102,1624418,1689891,3314309,195475,209362,209644,181590,139963,121042,107780,107465,83131,75945,50509,50880,30117,29735,14851,10972,5957,204860,223989,226186,205895,168692,124578,101360,93544,85780,72084,56443,40237,31047,24856,14833,9936,5571,400335,433351,435830,387485,308655,245620,209140,201009,168911,148029,106952,91117,61164,54591,29684,20908,11528
NIGERIA,NG,OYO,NG031,IBADAN NORTH,NG031006,Oyo South,NG03103,1005816,992846,1998662,122458,118115,120229,102623,89676,79442,68621,62176,50191,44953,35936,34829,25696,22507,13389,9432,5543,126052,119551,117628,106413,100437,86145,70174,60864,48925,41875,30387,28397,18954,17893,9577,6452,3122,248510,237666,237857,209036,190113,165587,138795,123040,99116,86828,66323,63226,44650,40400,22966,15884,8665
NIGERIA,NG,PLATEAU,NG032,Barikin Ladi,NG032001,Plateau North,NG03202,854289,875563,1729852,139791,121003,110781,95784,79367,63860,50374,44801,34833,28667,20693,19392,12771,12618,9200,6036,4318,142281,119224,107895,96712,82988,73344,58278,51325,37065,32014,19680,20221,10319,10779,5802,4953,2683,282072,240227,218676,192496,162355,137204,108652,96126,71898,60681,40373,39613,23090,23397,15002,10989,7001
NIGERIA,NG,PLATEAU,NG032,BOKKOS,NG032003,Plateau Central,NG03201,712676,694720,1407396,117225,103959,92555,80561,60970,50259,40786,34529,28541,23201,19181,17384,13314,11631,8997,5964,3619,118733,102933,91116,80819,58582,49323,41520,37069,27689,23093,15908,14996,9051,9520,6094,5277,2997,235958,206892,183671,161380,119552,99582,82306,71598,56230,46294,35089,32380,22365,21151,15091,11241,6616
NIGERIA,NG,PLATEAU,NG032,LANGTANG NORTH,NG032009,Plateau South,NG03203,609171,604213,1213384,106237,93386,77576,65789,52791,45914,38868,28679,24884,17883,15937,10914,10642,7609,6046,3485,2531,106777,93060,76200,64504,47247,43127,40188,34715,26773,20141,15127,10847,8369,6768,5087,3267,2016,213014,186446,153776,130293,100038,89041,79056,63394,51657,38024,31064,21761,19011,14377,11133,6752,4547
NIGERIA,NG,RIVERS,NG033,ABUA/ODUAL,NG033001,Rivers West,NG03303,1582871,1693254,3276125,183457,195055,200314,184051,139642,119583,106934,103338,82251,73434,52340,48500,32556,27762,15732,11637,6285,195266,211159,217097,207988,169491,130398,110499,95852,87600,73564,57817,43811,35180,25218,16416,9832,6066,378723,406214,417411,392039,309133,249981,217433,199190,169851,146998,110157,92311,67736,52980,32148,21469,12351
NIGERIA,NG,RIVERS,NG033,ANDONI,NG033005,Rivers South East,NG03302,972911,1009104,1982015,112331,119601,125083,116590,86251,72554,65612,63913,51249,45935,33169,26803,20887,16728,7252,5454,3499,119481,126534,131767,127226,101179,74807,60764,55146,51509,45022,35508,25581,22000,14337,9415,5735,3093,231812,246135,256850,243816,187430,147361,126376,119059,102758,90957,68677,52384,42887,31065,16667,11189,6592
NIGERIA,NG,RIVERS,NG033,Emohua,NG033010,Rivers East,NG03301,1242540,1340083,2582623,143618,139806,157181,151543,133023,111422,90708,79053,59508,50907,35203,31536,21191,17983,9041,6609,4208,152398,146016,152140,153534,150595,127925,106609,88888,71533,59314,41066,33737,21583,16362,9295,5664,3424,296016,285822,309321,305077,283618,239347,197317,167941,131041,110221,76269,65273,42774,34345,18336,12273,7632
NIGERIA,NG,SOKOTO,NG034,BINJI,NG034001,Sokoto North,NG03402,748359,791633,1539992,141842,113335,89754,76406,63927,54960,47219,36044,33441,20151,21804,13854,13871,7233,8196,3147,3175,152264,120216,101246,83657,62708,52221,46095,40378,34863,25171,22074,17414,13233,8252,6382,3324,2135,294106,233551,191000,160063,126635,107181,93314,76422,68304,45322,43878,31268,27104,15485,14578,6471,5310
NIGERIA,NG,SOKOTO,NG034,BODINGA,NG034002,Sokoto South,NG03403,730806,752980,1483786,144735,116962,86184,73148,60245,53054,45175,34182,31135,19108,20825,11829,13481,6851,7699,3402,2791,154969,123296,93266,74906,52044,45958,44140,38014,32814,22948,21101,15596,13399,7924,6946,3356,2303,299704,240258,179450,148054,112289,99012,89315,72196,63949,42056,41926,27425,26880,14775,14645,6758,5094
NIGERIA,NG,SOKOTO,NG034,GADA,NG034004,Sokoto East,NG03401,1006125,997227,2003352,196931,161318,105321,97719,89532,78416,68770,46651,46725,23280,30058,14595,19440,8199,11109,3786,4275,209926,168534,117198,94150,64386,60955,61147,50205,45762,27629,30299,19482,19651,9811,10259,4236,3597,406857,329852,222519,191869,153918,139371,129917,96856,92487,50909,60357,34077,39091,18010,21368,8022,7872
NIGERIA,NG,TARABA,NG035,Ardo-Kola,NG035001,Taraba North,NG03502,485311,507217,992528,85014,72519,61128,53205,43866,37306,30687,24488,20033,14329,11727,8831,7708,5533,4554,2671,1712,89839,75530,62397,53363,41609,37659,33295,29484,22751,17854,12711,10112,7042,5306,4016,2681,1568,174853,148049,123525,106568,85475,74965,63982,53972,42784,32183,24438,18943,14750,10839,8570,5352,3280
NIGERIA,NG,TARABA,NG035,BALI,NG035002,Taraba Central,NG03501,532855,562594,1095449,99724,81752,65309,57403,47539,40328,33477,26236,22133,15059,12405,9221,7846,5240,4627,2572,1984,105519,85970,69457,58529,44340,39661,35888,31470,25034,18855,14279,10403,8198,5861,4509,2740,1881,205243,167722,134766,115932,91879,79989,69365,57706,47167,33914,26684,19624,16044,11101,9136,5312,3865
NIGERIA,NG,TARABA,NG035,DONGA,NG035003,Taraba South,NG03503,465324,493202,958526,85559,69317,57113,50123,41367,35625,30321,23366,19675,13618,11219,8099,7554,5257,3558,2002,1551,91461,74030,61350,52794,39155,34594,31876,26778,22569,16677,12946,8744,7454,4979,3693,2617,1485,177020,143347,118463,102917,80522,70219,62197,50144,42244,30295,24165,16843,15008,10236,7251,4619,3036
NIGERIA,NG,YOBE,NG036,BADE,NG036001,Yobe North,NG03602,666114,731089,1397203,123273,103935,80199,71073,61355,49327,44002,30030,29494,16755,19000,8901,11584,5140,7010,2497,2539,136745,115002,90310,76164,55325,48282,48308,36863,35888,21654,22509,11275,14045,5935,7516,2825,2443,260018,218937,170509,147237,116680,97609,92310,66893,65382,38409,41509,20176,25629,11075,14526,5322,4982
NIGERIA,NG,YOBE,NG036,BURSARI,NG036002,Yobe East,NG03601,479176,532837,1012013,87194,75155,57025,52784,45787,34432,31026,20161,21776,11586,13526,6974,8761,4074,5364,1780,1771,96222,82610,66326,55445,42376,36333,36282,25791,25863,14935,16617,8918,10801,4521,5974,2074,1749,183416,157765,123351,108229,88163,70765,67308,45952,47639,26521,30143,15892,19562,8595,11338,3854,3520
NIGERIA,NG,YOBE,NG036,DAMATURU,NG036003,Yobe South,NG03603,591442,618484,1209926,113143,96147,76125,66359,51581,42276,35027,24848,23444,13897,15029,8358,9714,4845,5900,2431,2318,119372,100038,79059,65260,48057,42741,38659,30594,26010,17346,16566,10059,9470,5217,5657,2473,1906,232515,196185,155184,131619,99638,85017,73686,55442,49454,31243,31595,18417,19184,10062,11557,4904,4224
NIGERIA,NG,ZAMFARA,NG037,ANKA,NG037001,Zamfara West,NG03703,672072,684234,1356306,134664,109568,74816,70278,60879,50632,42118,29157,27933,15271,18721,9029,11785,5269,7045,2622,2285,146028,115015,81506,64778,45686,44321,43468,34126,29823,18493,19575,11916,12550,5638,6454,2687,2170,280692,224583,156322,135056,106565,94953,85586,63283,57756,33764,38296,20945,24335,10907,13499,5309,4455
NIGERIA,NG,ZAMFARA,NG037,Birnin Magaji,NG037003,Zamfara North,NG03702,805326,806991,1612317,154743,131574,91406,80426,71480,61180,53181,37055,35176,19524,22359,11348,14336,6452,8244,3385,3457,164173,134523,98094,79564,54223,50144,50532,40340,36874,23274,24083,14937,14785,7134,7889,3469,2953,318916,266097,189500,159990,125703,111324,103713,77395,72050,42798,46442,26285,29121,13586,16133,6854,6410
NIGERIA,NG,ZAMFARA,NG037,BUNGUDU,NG037005,Zamfara Central,NG03701,792950,806746,1599696,153309,129578,92601,83997,72308,60245,48906,35024,32779,18751,20859,11808,12453,6088,7774,3101,3369,159308,130854,101518,80181,57355,54665,51163,41627,35009,23204,21799,15536,13214,7892,7107,3455,2859,312617,260432,194119,164178,129663,114910,100069,76651,67788,41955,42658,27344,25667,13980,14881,6556,6228
,,,,,,,,,,,,,,,,,,,,,,,,,,,,,,,,,,,,,,,,,,,,,,,,,,,,,,,,,,,,,
,,,,,,,,,,,,,,,,,,,,,,,,,,,,,,,,,,,,,,,,,,,,,,,,,,,,,,,,,,,,,
,,,,,,,,,,,,,,,,,,,,,,,,,,,,,,,,,,,,,,,,,,,,,,,,,,,,,,,,,,,,,
,,,,,,,,,,,,,,,,,,,,,,,,,,,,,,,,,,,,,,,,,,,,,,,,,,,,,,,,,,,,,
,,,,,,,,,,,,,,,,,,,,,,,,,,,,,,,,,,,,,,,,,,,,,,,,,,,,,,,,,,,,,
,,,,,,,,,,,,,,,,,,,,,,,,,,,,,,,,,,,,,,,,,,,,,,,,,,,,,,,,,,,,,
,,,,,,,,,,,,,,,,,,,,,,,,,,,,,,,,,,,,,,,,,,,,,,,,,,,,,,,,,,,,,
,,,,,,,,,,,,,,,,,,,,,,,,,,,,,,,,,,,,,,,,,,,,,,,,,,,,,,,,,,,,,
,,,,,,,,,,,,,,,,,,,,,,,,,,,,,,,,,,,,,,,,,,,,,,,,,,,,,,,,,,,,,
,,,,,,,,,,,,,,,,,,,,,,,,,,,,,,,,,,,,,,,,,,,,,,,,,,,,,,,,,,,,,
,,,,,,,,,,,,,,,,,,,,,,,,,,,,,,,,,,,,,,,,,,,,,,,,,,,,,,,,,,,,,
,,,,,,,,,,,,,,,,,,,,,,,,,,,,,,,,,,,,,,,,,,,,,,,,,,,,,,,,,,,,,
,,,,,,,,,,,,,,,,,,,,,,,,,,,,,,,,,,,,,,,,,,,,,,,,,,,,,,,,,,,,,
,,,,,,,,,,,,,,,,,,,,,,,,,,,,,,,,,,,,,,,,,,,,,,,,,,,,,,,,,,,,,
,,,,,,,,,,,,,,,,,,,,,,,,,,,,,,,,,,,,,,,,,,,,,,,,,,,,,,,,,,,,,
,,,,,,,,,,,,,,,,,,,,,,,,,,,,,,,,,,,,,,,,,,,,,,,,,,,,,,,,,,,,,
,,,,,,,,,,,,,,,,,,,,,,,,,,,,,,,,,,,,,,,,,,,,,,,,,,,,,,,,,,,,,
,,,,,,,,,,,,,,,,,,,,,,,,,,,,,,,,,,,,,,,,,,,,,,,,,,,,,,,,,,,,,
,,,,,,,,,,,,,,,,,,,,,,,,,,,,,,,,,,,,,,,,,,,,,,,,,,,,,,,,,,,,,
,,,,,,,,,,,,,,,,,,,,,,,,,,,,,,,,,,,,,,,,,,,,,,,,,,,,,,,,,,,,,
,,,,,,,,,,,,,,,,,,,,,,,,,,,,,,,,,,,,,,,,,,,,,,,,,,,,,,,,,,,,,
,,,,,,,,,,,,,,,,,,,,,,,,,,,,,,,,,,,,,,,,,,,,,,,,,,,,,,,,,,,,,
,,,,,,,,,,,,,,,,,,,,,,,,,,,,,,,,,,,,,,,,,,,,,,,,,,,,,,,,,,,,,
,,,,,,,,,,,,,,,,,,,,,,,,,,,,,,,,,,,,,,,,,,,,,,,,,,,,,,,,,,,,,
,,,,,,,,,,,,,,,,,,,,,,,,,,,,,,,,,,,,,,,,,,,,,,,,,,,,,,,,,,,,,
,,,,,,,,,,,,,,,,,,,,,,,,,,,,,,,,,,,,,,,,,,,,,,,,,,,,,,,,,,,,,
,,,,,,,,,,,,,,,,,,,,,,,,,,,,,,,,,,,,,,,,,,,,,,,,,,,,,,,,,,,,,
,,,,,,,,,,,,,,,,,,,,,,,,,,,,,,,,,,,,,,,,,,,,,,,,,,,,,,,,,,,,,
,,,,,,,,,,,,,,,,,,,,,,,,,,,,,,,,,,,,,,,,,,,,,,,,,,,,,,,,,,,,,
,,,,,,,,,,,,,,,,,,,,,,,,,,,,,,,,,,,,,,,,,,,,,,,,,,,,,,,,,,,,,
,,,,,,,,,,,,,,,,,,,,,,,,,,,,,,,,,,,,,,,,,,,,,,,,,,,,,,,,,,,,,
,,,,,,,,,,,,,,,,,,,,,,,,,,,,,,,,,,,,,,,,,,,,,,,,,,,,,,,,,,,,,
,,,,,,,,,,,,,,,,,,,,,,,,,,,,,,,,,,,,,,,,,,,,,,,,,,,,,,,,,,,,,
,,,,,,,,,,,,,,,,,,,,,,,,,,,,,,,,,,,,,,,,,,,,,,,,,,,,,,,,,,,,,
,,,,,,,,,,,,,,,,,,,,,,,,,,,,,,,,,,,,,,,,,,,,,,,,,,,,,,,,,,,,,
,,,,,,,,,,,,,,,,,,,,,,,,,,,,,,,,,,,,,,,,,,,,,,,,,,,,,,,,,,,,,
,,,,,,,,,,,,,,,,,,,,,,,,,,,,,,,,,,,,,,,,,,,,,,,,,,,,,,,,,,,,,
,,,,,,,,,,,,,,,,,,,,,,,,,,,,,,,,,,,,,,,,,,,,,,,,,,,,,,,,,,,,,
,,,,,,,,,,,,,,,,,,,,,,,,,,,,,,,,,,,,,,,,,,,,,,,,,,,,,,,,,,,,,
,,,,,,,,,,,,,,,,,,,,,,,,,,,,,,,,,,,,,,,,,,,,,,,,,,,,,,,,,,,,,
,,,,,,,,,,,,,,,,,,,,,,,,,,,,,,,,,,,,,,,,,,,,,,,,,,,,,,,,,,,,,
,,,,,,,,,,,,,,,,,,,,,,,,,,,,,,,,,,,,,,,,,,,,,,,,,,,,,,,,,,,,,
,,,,,,,,,,,,,,,,,,,,,,,,,,,,,,,,,,,,,,,,,,,,,,,,,,,,,,,,,,,,,
,,,,,,,,,,,,,,,,,,,,,,,,,,,,,,,,,,,,,,,,,,,,,,,,,,,,,,,,,,,,,
,,,,,,,,,,,,,,,,,,,,,,,,,,,,,,,,,,,,,,,,,,,,,,,,,,,,,,,,,,,,,
,,,,,,,,,,,,,,,,,,,,,,,,,,,,,,,,,,,,,,,,,,,,,,,,,,,,,,,,,,,,,
,,,,,,,,,,,,,,,,,,,,,,,,,,,,,,,,,,,,,,,,,,,,,,,,,,,,,,,,,,,,,
,,,,,,,,,,,,,,,,,,,,,,,,,,,,,,,,,,,,,,,,,,,,,,,,,,,,,,,,,,,,,
,,,,,,,,,,,,,,,,,,,,,,,,,,,,,,,,,,,,,,,,,,,,,,,,,,,,,,,,,,,,,
,,,,,,,,,,,,,,,,,,,,,,,,,,,,,,,,,,,,,,,,,,,,,,,,,,,,,,,,,,,,,
,,,,,,,,,,,,,,,,,,,,,,,,,,,,,,,,,,,,,,,,,,,,,,,,,,,,,,,,,,,,,
,,,,,,,,,,,,,,,,,,,,,,,,,,,,,,,,,,,,,,,,,,,,,,,,,,,,,,,,,,,,,
,,,,,,,,,,,,,,,,,,,,,,,,,,,,,,,,,,,,,,,,,,,,,,,,,,,,,,,,,,,,,
,,,,,,,,,,,,,,,,,,,,,,,,,,,,,,,,,,,,,,,,,,,,,,,,,,,,,,,,,,,,,
,,,,,,,,,,,,,,,,,,,,,,,,,,,,,,,,,,,,,,,,,,,,,,,,,,,,,,,,,,,,,
,,,,,,,,,,,,,,,,,,,,,,,,,,,,,,,,,,,,,,,,,,,,,,,,,,,,,,,,,,,,,
,,,,,,,,,,,,,,,,,,,,,,,,,,,,,,,,,,,,,,,,,,,,,,,,,,,,,,,,,,,,,
,,,,,,,,,,,,,,,,,,,,,,,,,,,,,,,,,,,,,,,,,,,,,,,,,,,,,,,,,,,,,
,,,,,,,,,,,,,,,,,,,,,,,,,,,,,,,,,,,,,,,,,,,,,,,,,,,,,,,,,,,,,
,,,,,,,,,,,,,,,,,,,,,,,,,,,,,,,,,,,,,,,,,,,,,,,,,,,,,,,,,,,,,
,,,,,,,,,,,,,,,,,,,,,,,,,,,,,,,,,,,,,,,,,,,,,,,,,,,,,,,,,,,,,
,,,,,,,,,,,,,,,,,,,,,,,,,,,,,,,,,,,,,,,,,,,,,,,,,,,,,,,,,,,,,
,,,,,,,,,,,,,,,,,,,,,,,,,,,,,,,,,,,,,,,,,,,,,,,,,,,,,,,,,,,,,
,,,,,,,,,,,,,,,,,,,,,,,,,,,,,,,,,,,,,,,,,,,,,,,,,,,,,,,,,,,,,
,,,,,,,,,,,,,,,,,,,,,,,,,,,,,,,,,,,,,,,,,,,,,,,,,,,,,,,,,,,,,
,,,,,,,,,,,,,,,,,,,,,,,,,,,,,,,,,,,,,,,,,,,,,,,,,,,,,,,,,,,,,
,,,,,,,,,,,,,,,,,,,,,,,,,,,,,,,,,,,,,,,,,,,,,,,,,,,,,,,,,,,,,
,,,,,,,,,,,,,,,,,,,,,,,,,,,,,,,,,,,,,,,,,,,,,,,,,,,,,,,,,,,,,
,,,,,,,,,,,,,,,,,,,,,,,,,,,,,,,,,,,,,,,,,,,,,,,,,,,,,,,,,,,,,
,,,,,,,,,,,,,,,,,,,,,,,,,,,,,,,,,,,,,,,,,,,,,,,,,,,,,,,,,,,,,
,,,,,,,,,,,,,,,,,,,,,,,,,,,,,,,,,,,,,,,,,,,,,,,,,,,,,,,,,,,,,
,,,,,,,,,,,,,,,,,,,,,,,,,,,,,,,,,,,,,,,,,,,,,,,,,,,,,,,,,,,,,
,,,,,,,,,,,,,,,,,,,,,,,,,,,,,,,,,,,,,,,,,,,,,,,,,,,,,,,,,,,,,
,,,,,,,,,,,,,,,,,,,,,,,,,,,,,,,,,,,,,,,,,,,,,,,,,,,,,,,,,,,,,
,,,,,,,,,,,,,,,,,,,,,,,,,,,,,,,,,,,,,,,,,,,,,,,,,,,,,,,,,,,,,
,,,,,,,,,,,,,,,,,,,,,,,,,,,,,,,,,,,,,,,,,,,,,,,,,,,,,,,,,,,,,
,,,,,,,,,,,,,,,,,,,,,,,,,,,,,,,,,,,,,,,,,,,,,,,,,,,,,,,,,,,,,
,,,,,,,,,,,,,,,,,,,,,,,,,,,,,,,,,,,,,,,,,,,,,,,,,,,,,,,,,,,,,
,,,,,,,,,,,,,,,,,,,,,,,,,,,,,,,,,,,,,,,,,,,,,,,,,,,,,,,,,,,,,
,,,,,,,,,,,,,,,,,,,,,,,,,,,,,,,,,,,,,,,,,,,,,,,,,,,,,,,,,,,,,
,,,,,,,,,,,,,,,,,,,,,,,,,,,,,,,,,,,,,,,,,,,,,,,,,,,,,,,,,,,,,
,,,,,,,,,,,,,,,,,,,,,,,,,,,,,,,,,,,,,,,,,,,,,,,,,,,,,,,,,,,,,
,,,,,,,,,,,,,,,,,,,,,,,,,,,,,,,,,,,,,,,,,,,,,,,,,,,,,,,,,,,,,
,,,,,,,,,,,,,,,,,,,,,,,,,,,,,,,,,,,,,,,,,,,,,,,,,,,,,,,,,,,,,
,,,,,,,,,,,,,,,,,,,,,,,,,,,,,,,,,,,,,,,,,,,,,,,,,,,,,,,,,,,,,
,,,,,,,,,,,,,,,,,,,,,,,,,,,,,,,,,,,,,,,,,,,,,,,,,,,,,,,,,,,,,
,,,,,,,,,,,,,,,,,,,,,,,,,,,,,,,,,,,,,,,,,,,,,,,,,,,,,,,,,,,,,
,,,,,,,,,,,,,,,,,,,,,,,,,,,,,,,,,,,,,,,,,,,,,,,,,,,,,,,,,,,,,
,,,,,,,,,,,,,,,,,,,,,,,,,,,,,,,,,,,,,,,,,,,,,,,,,,,,,,,,,,,,,
,,,,,,,,,,,,,,,,,,,,,,,,,,,,,,,,,,,,,,,,,,,,,,,,,,,,,,,,,,,,,
,,,,,,,,,,,,,,,,,,,,,,,,,,,,,,,,,,,,,,,,,,,,,,,,,,,,,,,,,,,,,
,,,,,,,,,,,,,,,,,,,,,,,,,,,,,,,,,,,,,,,,,,,,,,,,,,,,,,,,,,,,,
,,,,,,,,,,,,,,,,,,,,,,,,,,,,,,,,,,,,,,,,,,,,,,,,,,,,,,,,,,,,,
,,,,,,,,,,,,,,,,,,,,,,,,,,,,,,,,,,,,,,,,,,,,,,,,,,,,,,,,,,,,,
,,,,,,,,,,,,,,,,,,,,,,,,,,,,,,,,,,,,,,,,,,,,,,,,,,,,,,,,,,,,,
,,,,,,,,,,,,,,,,,,,,,,,,,,,,,,,,,,,,,,,,,,,,,,,,,,,,,,,,,,,,,
,,,,,,,,,,,,,,,,,,,,,,,,,,,,,,,,,,,,,,,,,,,,,,,,,,,,,,,,,,,,,
,,,,,,,,,,,,,,,,,,,,,,,,,,,,,,,,,,,,,,,,,,,,,,,,,,,,,,,,,,,,,
,,,,,,,,,,,,,,,,,,,,,,,,,,,,,,,,,,,,,,,,,,,,,,,,,,,,,,,,,,,,,
,,,,,,,,,,,,,,,,,,,,,,,,,,,,,,,,,,,,,,,,,,,,,,,,,,,,,,,,,,,,,
,,,,,,,,,,,,,,,,,,,,,,,,,,,,,,,,,,,,,,,,,,,,,,,,,,,,,,,,,,,,,
,,,,,,,,,,,,,,,,,,,,,,,,,,,,,,,,,,,,,,,,,,,,,,,,,,,,,,,,,,,,,
,,,,,,,,,,,,,,,,,,,,,,,,,,,,,,,,,,,,,,,,,,,,,,,,,,,,,,,,,,,,,
,,,,,,,,,,,,,,,,,,,,,,,,,,,,,,,,,,,,,,,,,,,,,,,,,,,,,,,,,,,,,
,,,,,,,,,,,,,,,,,,,,,,,,,,,,,,,,,,,,,,,,,,,,,,,,,,,,,,,,,,,,,
,,,,,,,,,,,,,,,,,,,,,,,,,,,,,,,,,,,,,,,,,,,,,,,,,,,,,,,,,,,,,
,,,,,,,,,,,,,,,,,,,,,,,,,,,,,,,,,,,,,,,,,,,,,,,,,,,,,,,,,,,,,
,,,,,,,,,,,,,,,,,,,,,,,,,,,,,,,,,,,,,,,,,,,,,,,,,,,,,,,,,,,,,
,,,,,,,,,,,,,,,,,,,,,,,,,,,,,,,,,,,,,,,,,,,,,,,,,,,,,,,,,,,,,
,,,,,,,,,,,,,,,,,,,,,,,,,,,,,,,,,,,,,,,,,,,,,,,,,,,,,,,,,,,,,
,,,,,,,,,,,,,,,,,,,,,,,,,,,,,,,,,,,,,,,,,,,,,,,,,,,,,,,,,,,,,
,,,,,,,,,,,,,,,,,,,,,,,,,,,,,,,,,,,,,,,,,,,,,,,,,,,,,,,,,,,,,
,,,,,,,,,,,,,,,,,,,,,,,,,,,,,,,,,,,,,,,,,,,,,,,,,,,,,,,,,,,,,
,,,,,,,,,,,,,,,,,,,,,,,,,,,,,,,,,,,,,,,,,,,,,,,,,,,,,,,,,,,,,
,,,,,,,,,,,,,,,,,,,,,,,,,,,,,,,,,,,,,,,,,,,,,,,,,,,,,,,,,,,,,
,,,,,,,,,,,,,,,,,,,,,,,,,,,,,,,,,,,,,,,,,,,,,,,,,,,,,,,,,,,,,
,,,,,,,,,,,,,,,,,,,,,,,,,,,,,,,,,,,,,,,,,,,,,,,,,,,,,,,,,,,,,
,,,,,,,,,,,,,,,,,,,,,,,,,,,,,,,,,,,,,,,,,,,,,,,,,,,,,,,,,,,,,
,,,,,,,,,,,,,,,,,,,,,,,,,,,,,,,,,,,,,,,,,,,,,,,,,,,,,,,,,,,,,
,,,,,,,,,,,,,,,,,,,,,,,,,,,,,,,,,,,,,,,,,,,,,,,,,,,,,,,,,,,,,
,,,,,,,,,,,,,,,,,,,,,,,,,,,,,,,,,,,,,,,,,,,,,,,,,,,,,,,,,,,,,
,,,,,,,,,,,,,,,,,,,,,,,,,,,,,,,,,,,,,,,,,,,,,,,,,,,,,,,,,,,,,
,,,,,,,,,,,,,,,,,,,,,,,,,,,,,,,,,,,,,,,,,,,,,,,,,,,,,,,,,,,,,
,,,,,,,,,,,,,,,,,,,,,,,,,,,,,,,,,,,,,,,,,,,,,,,,,,,,,,,,,,,,,
,,,,,,,,,,,,,,,,,,,,,,,,,,,,,,,,,,,,,,,,,,,,,,,,,,,,,,,,,,,,,
,,,,,,,,,,,,,,,,,,,,,,,,,,,,,,,,,,,,,,,,,,,,,,,,,,,,,,,,,,,,,
,,,,,,,,,,,,,,,,,,,,,,,,,,,,,,,,,,,,,,,,,,,,,,,,,,,,,,,,,,,,,
,,,,,,,,,,,,,,,,,,,,,,,,,,,,,,,,,,,,,,,,,,,,,,,,,,,,,,,,,,,,,
,,,,,,,,,,,,,,,,,,,,,,,,,,,,,,,,,,,,,,,,,,,,,,,,,,,,,,,,,,,,,
,,,,,,,,,,,,,,,,,,,,,,,,,,,,,,,,,,,,,,,,,,,,,,,,,,,,,,,,,,,,,
,,,,,,,,,,,,,,,,,,,,,,,,,,,,,,,,,,,,,,,,,,,,,,,,,,,,,,,,,,,,,
,,,,,,,,,,,,,,,,,,,,,,,,,,,,,,,,,,,,,,,,,,,,,,,,,,,,,,,,,,,,,
,,,,,,,,,,,,,,,,,,,,,,,,,,,,,,,,,,,,,,,,,,,,,,,,,,,,,,,,,,,,,
,,,,,,,,,,,,,,,,,,,,,,,,,,,,,,,,,,,,,,,,,,,,,,,,,,,,,,,,,,,,,
,,,,,,,,,,,,,,,,,,,,,,,,,,,,,,,,,,,,,,,,,,,,,,,,,,,,,,,,,,,,,
,,,,,,,,,,,,,,,,,,,,,,,,,,,,,,,,,,,,,,,,,,,,,,,,,,,,,,,,,,,,,
,,,,,,,,,,,,,,,,,,,,,,,,,,,,,,,,,,,,,,,,,,,,,,,,,,,,,,,,,,,,,
,,,,,,,,,,,,,,,,,,,,,,,,,,,,,,,,,,,,,,,,,,,,,,,,,,,,,,,,,,,,,
,,,,,,,,,,,,,,,,,,,,,,,,,,,,,,,,,,,,,,,,,,,,,,,,,,,,,,,,,,,,,
,,,,,,,,,,,,,,,,,,,,,,,,,,,,,,,,,,,,,,,,,,,,,,,,,,,,,,,,,,,,,
,,,,,,,,,,,,,,,,,,,,,,,,,,,,,,,,,,,,,,,,,,,,,,,,,,,,,,,,,,,,,
,,,,,,,,,,,,,,,,,,,,,,,,,,,,,,,,,,,,,,,,,,,,,,,,,,,,,,,,,,,,,
,,,,,,,,,,,,,,,,,,,,,,,,,,,,,,,,,,,,,,,,,,,,,,,,,,,,,,,,,,,,,
,,,,,,,,,,,,,,,,,,,,,,,,,,,,,,,,,,,,,,,,,,,,,,,,,,,,,,,,,,,,,
,,,,,,,,,,,,,,,,,,,,,,,,,,,,,,,,,,,,,,,,,,,,,,,,,,,,,,,,,,,,,
,,,,,,,,,,,,,,,,,,,,,,,,,,,,,,,,,,,,,,,,,,,,,,,,,,,,,,,,,,,,,
,,,,,,,,,,,,,,,,,,,,,,,,,,,,,,,,,,,,,,,,,,,,,,,,,,,,,,,,,,,,,
,,,,,,,,,,,,,,,,,,,,,,,,,,,,,,,,,,,,,,,,,,,,,,,,,,,,,,,,,,,,,
,,,,,,,,,,,,,,,,,,,,,,,,,,,,,,,,,,,,,,,,,,,,,,,,,,,,,,,,,,,,,
,,,,,,,,,,,,,,,,,,,,,,,,,,,,,,,,,,,,,,,,,,,,,,,,,,,,,,,,,,,,,
,,,,,,,,,,,,,,,,,,,,,,,,,,,,,,,,,,,,,,,,,,,,,,,,,,,,,,,,,,,,,
,,,,,,,,,,,,,,,,,,,,,,,,,,,,,,,,,,,,,,,,,,,,,,,,,,,,,,,,,,,,,
,,,,,,,,,,,,,,,,,,,,,,,,,,,,,,,,,,,,,,,,,,,,,,,,,,,,,,,,,,,,,
,,,,,,,,,,,,,,,,,,,,,,,,,,,,,,,,,,,,,,,,,,,,,,,,,,,,,,,,,,,,,
,,,,,,,,,,,,,,,,,,,,,,,,,,,,,,,,,,,,,,,,,,,,,,,,,,,,,,,,,,,,,
,,,,,,,,,,,,,,,,,,,,,,,,,,,,,,,,,,,,,,,,,,,,,,,,,,,,,,,,,,,,,
,,,,,,,,,,,,,,,,,,,,,,,,,,,,,,,,,,,,,,,,,,,,,,,,,,,,,,,,,,,,,
,,,,,,,,,,,,,,,,,,,,,,,,,,,,,,,,,,,,,,,,,,,,,,,,,,,,,,,,,,,,,
,,,,,,,,,,,,,,,,,,,,,,,,,,,,,,,,,,,,,,,,,,,,,,,,,,,,,,,,,,,,,
,,,,,,,,,,,,,,,,,,,,,,,,,,,,,,,,,,,,,,,,,,,,,,,,,,,,,,,,,,,,,
,,,,,,,,,,,,,,,,,,,,,,,,,,,,,,,,,,,,,,,,,,,,,,,,,,,,,,,,,,,,,
,,,,,,,,,,,,,,,,,,,,,,,,,,,,,,,,,,,,,,,,,,,,,,,,,,,,,,,,,,,,,
,,,,,,,,,,,,,,,,,,,,,,,,,,,,,,,,,,,,,,,,,,,,,,,,,,,,,,,,,,,,,
,,,,,,,,,,,,,,,,,,,,,,,,,,,,,,,,,,,,,,,,,,,,,,,,,,,,,,,,,,,,,
,,,,,,,,,,,,,,,,,,,,,,,,,,,,,,,,,,,,,,,,,,,,,,,,,,,,,,,,,,,,,
,,,,,,,,,,,,,,,,,,,,,,,,,,,,,,,,,,,,,,,,,,,,,,,,,,,,,,,,,,,,,
,,,,,,,,,,,,,,,,,,,,,,,,,,,,,,,,,,,,,,,,,,,,,,,,,,,,,,,,,,,,,
,,,,,,,,,,,,,,,,,,,,,,,,,,,,,,,,,,,,,,,,,,,,,,,,,,,,,,,,,,,,,
,,,,,,,,,,,,,,,,,,,,,,,,,,,,,,,,,,,,,,,,,,,,,,,,,,,,,,,,,,,,,
,,,,,,,,,,,,,,,,,,,,,,,,,,,,,,,,,,,,,,,,,,,,,,,,,,,,,,,,,,,,,
,,,,,,,,,,,,,,,,,,,,,,,,,,,,,,,,,,,,,,,,,,,,,,,,,,,,,,,,,,,,,
,,,,,,,,,,,,,,,,,,,,,,,,,,,,,,,,,,,,,,,,,,,,,,,,,,,,,,,,,,,,,
,,,,,,,,,,,,,,,,,,,,,,,,,,,,,,,,,,,,,,,,,,,,,,,,,,,,,,,,,,,,,
,,,,,,,,,,,,,,,,,,,,,,,,,,,,,,,,,,,,,,,,,,,,,,,,,,,,,,,,,,,,,
,,,,,,,,,,,,,,,,,,,,,,,,,,,,,,,,,,,,,,,,,,,,,,,,,,,,,,,,,,,,,
,,,,,,,,,,,,,,,,,,,,,,,,,,,,,,,,,,,,,,,,,,,,,,,,,,,,,,,,,,,,,
,,,,,,,,,,,,,,,,,,,,,,,,,,,,,,,,,,,,,,,,,,,,,,,,,,,,,,,,,,,,,
,,,,,,,,,,,,,,,,,,,,,,,,,,,,,,,,,,,,,,,,,,,,,,,,,,,,,,,,,,,,,
,,,,,,,,,,,,,,,,,,,,,,,,,,,,,,,,,,,,,,,,,,,,,,,,,,,,,,,,,,,,,
,,,,,,,,,,,,,,,,,,,,,,,,,,,,,,,,,,,,,,,,,,,,,,,,,,,,,,,,,,,,,
,,,,,,,,,,,,,,,,,,,,,,,,,,,,,,,,,,,,,,,,,,,,,,,,,,,,,,,,,,,,,
,,,,,,,,,,,,,,,,,,,,,,,,,,,,,,,,,,,,,,,,,,,,,,,,,,,,,,,,,,,,,
,,,,,,,,,,,,,,,,,,,,,,,,,,,,,,,,,,,,,,,,,,,,,,,,,,,,,,,,,,,,,
,,,,,,,,,,,,,,,,,,,,,,,,,,,,,,,,,,,,,,,,,,,,,,,,,,,,,,,,,,,,,
,,,,,,,,,,,,,,,,,,,,,,,,,,,,,,,,,,,,,,,,,,,,,,,,,,,,,,,,,,,,,
,,,,,,,,,,,,,,,,,,,,,,,,,,,,,,,,,,,,,,,,,,,,,,,,,,,,,,,,,,,,,
,,,,,,,,,,,,,,,,,,,,,,,,,,,,,,,,,,,,,,,,,,,,,,,,,,,,,,,,,,,,,
,,,,,,,,,,,,,,,,,,,,,,,,,,,,,,,,,,,,,,,,,,,,,,,,,,,,,,,,,,,,,
,,,,,,,,,,,,,,,,,,,,,,,,,,,,,,,,,,,,,,,,,,,,,,,,,,,,,,,,,,,,,
,,,,,,,,,,,,,,,,,,,,,,,,,,,,,,,,,,,,,,,,,,,,,,,,,,,,,,,,,,,,,
,,,,,,,,,,,,,,,,,,,,,,,,,,,,,,,,,,,,,,,,,,,,,,,,,,,,,,,,,,,,,
,,,,,,,,,,,,,,,,,,,,,,,,,,,,,,,,,,,,,,,,,,,,,,,,,,,,,,,,,,,,,
,,,,,,,,,,,,,,,,,,,,,,,,,,,,,,,,,,,,,,,,,,,,,,,,,,,,,,,,,,,,,
,,,,,,,,,,,,,,,,,,,,,,,,,,,,,,,,,,,,,,,,,,,,,,,,,,,,,,,,,,,,,
,,,,,,,,,,,,,,,,,,,,,,,,,,,,,,,,,,,,,,,,,,,,,,,,,,,,,,,,,,,,,
,,,,,,,,,,,,,,,,,,,,,,,,,,,,,,,,,,,,,,,,,,,,,,,,,,,,,,,,,,,,,
,,,,,,,,,,,,,,,,,,,,,,,,,,,,,,,,,,,,,,,,,,,,,,,,,,,,,,,,,,,,,
,,,,,,,,,,,,,,,,,,,,,,,,,,,,,,,,,,,,,,,,,,,,,,,,,,,,,,,,,,,,,
,,,,,,,,,,,,,,,,,,,,,,,,,,,,,,,,,,,,,,,,,,,,,,,,,,,,,,,,,,,,,
,,,,,,,,,,,,,,,,,,,,,,,,,,,,,,,,,,,,,,,,,,,,,,,,,,,,,,,,,,,,,
,,,,,,,,,,,,,,,,,,,,,,,,,,,,,,,,,,,,,,,,,,,,,,,,,,,,,,,,,,,,,
,,,,,,,,,,,,,,,,,,,,,,,,,,,,,,,,,,,,,,,,,,,,,,,,,,,,,,,,,,,,,
,,,,,,,,,,,,,,,,,,,,,,,,,,,,,,,,,,,,,,,,,,,,,,,,,,,,,,,,,,,,,
,,,,,,,,,,,,,,,,,,,,,,,,,,,,,,,,,,,,,,,,,,,,,,,,,,,,,,,,,,,,,
,,,,,,,,,,,,,,,,,,,,,,,,,,,,,,,,,,,,,,,,,,,,,,,,,,,,,,,,,,,,,
,,,,,,,,,,,,,,,,,,,,,,,,,,,,,,,,,,,,,,,,,,,,,,,,,,,,,,,,,,,,,
,,,,,,,,,,,,,,,,,,,,,,,,,,,,,,,,,,,,,,,,,,,,,,,,,,,,,,,,,,,,,
,,,,,,,,,,,,,,,,,,,,,,,,,,,,,,,,,,,,,,,,,,,,,,,,,,,,,,,,,,,,,
,,,,,,,,,,,,,,,,,,,,,,,,,,,,,,,,,,,,,,,,,,,,,,,,,,,,,,,,,,,,,
,,,,,,,,,,,,,,,,,,,,,,,,,,,,,,,,,,,,,,,,,,,,,,,,,,,,,,,,,,,,,
,,,,,,,,,,,,,,,,,,,,,,,,,,,,,,,,,,,,,,,,,,,,,,,,,,,,,,,,,,,,,
,,,,,,,,,,,,,,,,,,,,,,,,,,,,,,,,,,,,,,,,,,,,,,,,,,,,,,,,,,,,,
,,,,,,,,,,,,,,,,,,,,,,,,,,,,,,,,,,,,,,,,,,,,,,,,,,,,,,,,,,,,,
,,,,,,,,,,,,,,,,,,,,,,,,,,,,,,,,,,,,,,,,,,,,,,,,,,,,,,,,,,,,,
,,,,,,,,,,,,,,,,,,,,,,,,,,,,,,,,,,,,,,,,,,,,,,,,,,,,,,,,,,,,,
,,,,,,,,,,,,,,,,,,,,,,,,,,,,,,,,,,,,,,,,,,,,,,,,,,,,,,,,,,,,,
,,,,,,,,,,,,,,,,,,,,,,,,,,,,,,,,,,,,,,,,,,,,,,,,,,,,,,,,,,,,,
,,,,,,,,,,,,,,,,,,,,,,,,,,,,,,,,,,,,,,,,,,,,,,,,,,,,,,,,,,,,,
,,,,,,,,,,,,,,,,,,,,,,,,,,,,,,,,,,,,,,,,,,,,,,,,,,,,,,,,,,,,,
,,,,,,,,,,,,,,,,,,,,,,,,,,,,,,,,,,,,,,,,,,,,,,,,,,,,,,,,,,,,,
,,,,,,,,,,,,,,,,,,,,,,,,,,,,,,,,,,,,,,,,,,,,,,,,,,,,,,,,,,,,,
,,,,,,,,,,,,,,,,,,,,,,,,,,,,,,,,,,,,,,,,,,,,,,,,,,,,,,,,,,,,,
,,,,,,,,,,,,,,,,,,,,,,,,,,,,,,,,,,,,,,,,,,,,,,,,,,,,,,,,,,,,,
,,,,,,,,,,,,,,,,,,,,,,,,,,,,,,,,,,,,,,,,,,,,,,,,,,,,,,,,,,,,,
,,,,,,,,,,,,,,,,,,,,,,,,,,,,,,,,,,,,,,,,,,,,,,,,,,,,,,,,,,,,,
,,,,,,,,,,,,,,,,,,,,,,,,,,,,,,,,,,,,,,,,,,,,,,,,,,,,,,,,,,,,,
,,,,,,,,,,,,,,,,,,,,,,,,,,,,,,,,,,,,,,,,,,,,,,,,,,,,,,,,,,,,,
,,,,,,,,,,,,,,,,,,,,,,,,,,,,,,,,,,,,,,,,,,,,,,,,,,,,,,,,,,,,,
,,,,,,,,,,,,,,,,,,,,,,,,,,,,,,,,,,,,,,,,,,,,,,,,,,,,,,,,,,,,,
,,,,,,,,,,,,,,,,,,,,,,,,,,,,,,,,,,,,,,,,,,,,,,,,,,,,,,,,,,,,,
,,,,,,,,,,,,,,,,,,,,,,,,,,,,,,,,,,,,,,,,,,,,,,,,,,,,,,,,,,,,,
,,,,,,,,,,,,,,,,,,,,,,,,,,,,,,,,,,,,,,,,,,,,,,,,,,,,,,,,,,,,,
,,,,,,,,,,,,,,,,,,,,,,,,,,,,,,,,,,,,,,,,,,,,,,,,,,,,,,,,,,,,,
,,,,,,,,,,,,,,,,,,,,,,,,,,,,,,,,,,,,,,,,,,,,,,,,,,,,,,,,,,,,,
,,,,,,,,,,,,,,,,,,,,,,,,,,,,,,,,,,,,,,,,,,,,,,,,,,,,,,,,,,,,,
,,,,,,,,,,,,,,,,,,,,,,,,,,,,,,,,,,,,,,,,,,,,,,,,,,,,,,,,,,,,,
,,,,,,,,,,,,,,,,,,,,,,,,,,,,,,,,,,,,,,,,,,,,,,,,,,,,,,,,,,,,,
,,,,,,,,,,,,,,,,,,,,,,,,,,,,,,,,,,,,,,,,,,,,,,,,,,,,,,,,,,,,,
,,,,,,,,,,,,,,,,,,,,,,,,,,,,,,,,,,,,,,,,,,,,,,,,,,,,,,,,,,,,,
,,,,,,,,,,,,,,,,,,,,,,,,,,,,,,,,,,,,,,,,,,,,,,,,,,,,,,,,,,,,,
,,,,,,,,,,,,,,,,,,,,,,,,,,,,,,,,,,,,,,,,,,,,,,,,,,,,,,,,,,,,,
,,,,,,,,,,,,,,,,,,,,,,,,,,,,,,,,,,,,,,,,,,,,,,,,,,,,,,,,,,,,,
,,,,,,,,,,,,,,,,,,,,,,,,,,,,,,,,,,,,,,,,,,,,,,,,,,,,,,,,,,,,,
,,,,,,,,,,,,,,,,,,,,,,,,,,,,,,,,,,,,,,,,,,,,,,,,,,,,,,,,,,,,,
,,,,,,,,,,,,,,,,,,,,,,,,,,,,,,,,,,,,,,,,,,,,,,,,,,,,,,,,,,,,,
,,,,,,,,,,,,,,,,,,,,,,,,,,,,,,,,,,,,,,,,,,,,,,,,,,,,,,,,,,,,,
,,,,,,,,,,,,,,,,,,,,,,,,,,,,,,,,,,,,,,,,,,,,,,,,,,,,,,,,,,,,,
,,,,,,,,,,,,,,,,,,,,,,,,,,,,,,,,,,,,,,,,,,,,,,,,,,,,,,,,,,,,,
,,,,,,,,,,,,,,,,,,,,,,,,,,,,,,,,,,,,,,,,,,,,,,,,,,,,,,,,,,,,,
,,,,,,,,,,,,,,,,,,,,,,,,,,,,,,,,,,,,,,,,,,,,,,,,,,,,,,,,,,,,,
,,,,,,,,,,,,,,,,,,,,,,,,,,,,,,,,,,,,,,,,,,,,,,,,,,,,,,,,,,,,,
,,,,,,,,,,,,,,,,,,,,,,,,,,,,,,,,,,,,,,,,,,,,,,,,,,,,,,,,,,,,,
,,,,,,,,,,,,,,,,,,,,,,,,,,,,,,,,,,,,,,,,,,,,,,,,,,,,,,,,,,,,,
,,,,,,,,,,,,,,,,,,,,,,,,,,,,,,,,,,,,,,,,,,,,,,,,,,,,,,,,,,,,,
,,,,,,,,,,,,,,,,,,,,,,,,,,,,,,,,,,,,,,,,,,,,,,,,,,,,,,,,,,,,,
,,,,,,,,,,,,,,,,,,,,,,,,,,,,,,,,,,,,,,,,,,,,,,,,,,,,,,,,,,,,,
,,,,,,,,,,,,,,,,,,,,,,,,,,,,,,,,,,,,,,,,,,,,,,,,,,,,,,,,,,,,,
,,,,,,,,,,,,,,,,,,,,,,,,,,,,,,,,,,,,,,,,,,,,,,,,,,,,,,,,,,,,,
,,,,,,,,,,,,,,,,,,,,,,,,,,,,,,,,,,,,,,,,,,,,,,,,,,,,,,,,,,,,,
,,,,,,,,,,,,,,,,,,,,,,,,,,,,,,,,,,,,,,,,,,,,,,,,,,,,,,,,,,,,,
,,,,,,,,,,,,,,,,,,,,,,,,,,,,,,,,,,,,,,,,,,,,,,,,,,,,,,,,,,,,,
,,,,,,,,,,,,,,,,,,,,,,,,,,,,,,,,,,,,,,,,,,,,,,,,,,,,,,,,,,,,,
,,,,,,,,,,,,,,,,,,,,,,,,,,,,,,,,,,,,,,,,,,,,,,,,,,,,,,,,,,,,,
,,,,,,,,,,,,,,,,,,,,,,,,,,,,,,,,,,,,,,,,,,,,,,,,,,,,,,,,,,,,,
,,,,,,,,,,,,,,,,,,,,,,,,,,,,,,,,,,,,,,,,,,,,,,,,,,,,,,,,,,,,,
,,,,,,,,,,,,,,,,,,,,,,,,,,,,,,,,,,,,,,,,,,,,,,,,,,,,,,,,,,,,,
,,,,,,,,,,,,,,,,,,,,,,,,,,,,,,,,,,,,,,,,,,,,,,,,,,,,,,,,,,,,,
,,,,,,,,,,,,,,,,,,,,,,,,,,,,,,,,,,,,,,,,,,,,,,,,,,,,,,,,,,,,,
,,,,,,,,,,,,,,,,,,,,,,,,,,,,,,,,,,,,,,,,,,,,,,,,,,,,,,,,,,,,,
,,,,,,,,,,,,,,,,,,,,,,,,,,,,,,,,,,,,,,,,,,,,,,,,,,,,,,,,,,,,,
,,,,,,,,,,,,,,,,,,,,,,,,,,,,,,,,,,,,,,,,,,,,,,,,,,,,,,,,,,,,,
,,,,,,,,,,,,,,,,,,,,,,,,,,,,,,,,,,,,,,,,,,,,,,,,,,,,,,,,,,,,,
,,,,,,,,,,,,,,,,,,,,,,,,,,,,,,,,,,,,,,,,,,,,,,,,,,,,,,,,,,,,,
,,,,,,,,,,,,,,,,,,,,,,,,,,,,,,,,,,,,,,,,,,,,,,,,,,,,,,,,,,,,,
,,,,,,,,,,,,,,,,,,,,,,,,,,,,,,,,,,,,,,,,,,,,,,,,,,,,,,,,,,,,,
,,,,,,,,,,,,,,,,,,,,,,,,,,,,,,,,,,,,,,,,,,,,,,,,,,,,,,,,,,,,,
,,,,,,,,,,,,,,,,,,,,,,,,,,,,,,,,,,,,,,,,,,,,,,,,,,,,,,,,,,,,,
,,,,,,,,,,,,,,,,,,,,,,,,,,,,,,,,,,,,,,,,,,,,,,,,,,,,,,,,,,,,,
,,,,,,,,,,,,,,,,,,,,,,,,,,,,,,,,,,,,,,,,,,,,,,,,,,,,,,,,,,,,,
,,,,,,,,,,,,,,,,,,,,,,,,,,,,,,,,,,,,,,,,,,,,,,,,,,,,,,,,,,,,,
,,,,,,,,,,,,,,,,,,,,,,,,,,,,,,,,,,,,,,,,,,,,,,,,,,,,,,,,,,,,,
,,,,,,,,,,,,,,,,,,,,,,,,,,,,,,,,,,,,,,,,,,,,,,,,,,,,,,,,,,,,,
,,,,,,,,,,,,,,,,,,,,,,,,,,,,,,,,,,,,,,,,,,,,,,,,,,,,,,,,,,,,,
,,,,,,,,,,,,,,,,,,,,,,,,,,,,,,,,,,,,,,,,,,,,,,,,,,,,,,,,,,,,,
,,,,,,,,,,,,,,,,,,,,,,,,,,,,,,,,,,,,,,,,,,,,,,,,,,,,,,,,,,,,,
,,,,,,,,,,,,,,,,,,,,,,,,,,,,,,,,,,,,,,,,,,,,,,,,,,,,,,,,,,,,,
,,,,,,,,,,,,,,,,,,,,,,,,,,,,,,,,,,,,,,,,,,,,,,,,,,,,,,,,,,,,,
,,,,,,,,,,,,,,,,,,,,,,,,,,,,,,,,,,,,,,,,,,,,,,,,,,,,,,,,,,,,,
,,,,,,,,,,,,,,,,,,,,,,,,,,,,,,,,,,,,,,,,,,,,,,,,,,,,,,,,,,,,,
,,,,,,,,,,,,,,,,,,,,,,,,,,,,,,,,,,,,,,,,,,,,,,,,,,,,,,,,,,,,,
,,,,,,,,,,,,,,,,,,,,,,,,,,,,,,,,,,,,,,,,,,,,,,,,,,,,,,,,,,,,,
,,,,,,,,,,,,,,,,,,,,,,,,,,,,,,,,,,,,,,,,,,,,,,,,,,,,,,,,,,,,,
,,,,,,,,,,,,,,,,,,,,,,,,,,,,,,,,,,,,,,,,,,,,,,,,,,,,,,,,,,,,,
,,,,,,,,,,,,,,,,,,,,,,,,,,,,,,,,,,,,,,,,,,,,,,,,,,,,,,,,,,,,,
,,,,,,,,,,,,,,,,,,,,,,,,,,,,,,,,,,,,,,,,,,,,,,,,,,,,,,,,,,,,,
,,,,,,,,,,,,,,,,,,,,,,,,,,,,,,,,,,,,,,,,,,,,,,,,,,,,,,,,,,,,,
,,,,,,,,,,,,,,,,,,,,,,,,,,,,,,,,,,,,,,,,,,,,,,,,,,,,,,,,,,,,,
,,,,,,,,,,,,,,,,,,,,,,,,,,,,,,,,,,,,,,,,,,,,,,,,,,,,,,,,,,,,,
,,,,,,,,,,,,,,,,,,,,,,,,,,,,,,,,,,,,,,,,,,,,,,,,,,,,,,,,,,,,,
,,,,,,,,,,,,,,,,,,,,,,,,,,,,,,,,,,,,,,,,,,,,,,,,,,,,,,,,,,,,,
,,,,,,,,,,,,,,,,,,,,,,,,,,,,,,,,,,,,,,,,,,,,,,,,,,,,,,,,,,,,,
,,,,,,,,,,,,,,,,,,,,,,,,,,,,,,,,,,,,,,,,,,,,,,,,,,,,,,,,,,,,,
,,,,,,,,,,,,,,,,,,,,,,,,,,,,,,,,,,,,,,,,,,,,,,,,,,,,,,,,,,,,,
,,,,,,,,,,,,,,,,,,,,,,,,,,,,,,,,,,,,,,,,,,,,,,,,,,,,,,,,,,,,,
,,,,,,,,,,,,,,,,,,,,,,,,,,,,,,,,,,,,,,,,,,,,,,,,,,,,,,,,,,,,,
,,,,,,,,,,,,,,,,,,,,,,,,,,,,,,,,,,,,,,,,,,,,,,,,,,,,,,,,,,,,,
,,,,,,,,,,,,,,,,,,,,,,,,,,,,,,,,,,,,,,,,,,,,,,,,,,,,,,,,,,,,,
,,,,,,,,,,,,,,,,,,,,,,,,,,,,,,,,,,,,,,,,,,,,,,,,,,,,,,,,,,,,,
,,,,,,,,,,,,,,,,,,,,,,,,,,,,,,,,,,,,,,,,,,,,,,,,,,,,,,,,,,,,,
,,,,,,,,,,,,,,,,,,,,,,,,,,,,,,,,,,,,,,,,,,,,,,,,,,,,,,,,,,,,,
,,,,,,,,,,,,,,,,,,,,,,,,,,,,,,,,,,,,,,,,,,,,,,,,,,,,,,,,,,,,,
,,,,,,,,,,,,,,,,,,,,,,,,,,,,,,,,,,,,,,,,,,,,,,,,,,,,,,,,,,,,,
,,,,,,,,,,,,,,,,,,,,,,,,,,,,,,,,,,,,,,,,,,,,,,,,,,,,,,,,,,,,,
,,,,,,,,,,,,,,,,,,,,,,,,,,,,,,,,,,,,,,,,,,,,,,,,,,,,,,,,,,,,,
,,,,,,,,,,,,,,,,,,,,,,,,,,,,,,,,,,,,,,,,,,,,,,,,,,,,,,,,,,,,,
,,,,,,,,,,,,,,,,,,,,,,,,,,,,,,,,,,,,,,,,,,,,,,,,,,,,,,,,,,,,,
,,,,,,,,,,,,,,,,,,,,,,,,,,,,,,,,,,,,,,,,,,,,,,,,,,,,,,,,,,,,,
,,,,,,,,,,,,,,,,,,,,,,,,,,,,,,,,,,,,,,,,,,,,,,,,,,,,,,,,,,,,,
,,,,,,,,,,,,,,,,,,,,,,,,,,,,,,,,,,,,,,,,,,,,,,,,,,,,,,,,,,,,,
,,,,,,,,,,,,,,,,,,,,,,,,,,,,,,,,,,,,,,,,,,,,,,,,,,,,,,,,,,,,,
,,,,,,,,,,,,,,,,,,,,,,,,,,,,,,,,,,,,,,,,,,,,,,,,,,,,,,,,,,,,,
,,,,,,,,,,,,,,,,,,,,,,,,,,,,,,,,,,,,,,,,,,,,,,,,,,,,,,,,,,,,,
,,,,,,,,,,,,,,,,,,,,,,,,,,,,,,,,,,,,,,,,,,,,,,,,,,,,,,,,,,,,,
,,,,,,,,,,,,,,,,,,,,,,,,,,,,,,,,,,,,,,,,,,,,,,,,,,,,,,,,,,,,,
,,,,,,,,,,,,,,,,,,,,,,,,,,,,,,,,,,,,,,,,,,,,,,,,,,,,,,,,,,,,,
,,,,,,,,,,,,,,,,,,,,,,,,,,,,,,,,,,,,,,,,,,,,,,,,,,,,,,,,,,,,,
,,,,,,,,,,,,,,,,,,,,,,,,,,,,,,,,,,,,,,,,,,,,,,,,,,,,,,,,,,,,,
,,,,,,,,,,,,,,,,,,,,,,,,,,,,,,,,,,,,,,,,,,,,,,,,,,,,,,,,,,,,,
,,,,,,,,,,,,,,,,,,,,,,,,,,,,,,,,,,,,,,,,,,,,,,,,,,,,,,,,,,,,,
,,,,,,,,,,,,,,,,,,,,,,,,,,,,,,,,,,,,,,,,,,,,,,,,,,,,,,,,,,,,,
,,,,,,,,,,,,,,,,,,,,,,,,,,,,,,,,,,,,,,,,,,,,,,,,,,,,,,,,,,,,,
,,,,,,,,,,,,,,,,,,,,,,,,,,,,,,,,,,,,,,,,,,,,,,,,,,,,,,,,,,,,,
,,,,,,,,,,,,,,,,,,,,,,,,,,,,,,,,,,,,,,,,,,,,,,,,,,,,,,,,,,,,,
,,,,,,,,,,,,,,,,,,,,,,,,,,,,,,,,,,,,,,,,,,,,,,,,,,,,,,,,,,,,,
,,,,,,,,,,,,,,,,,,,,,,,,,,,,,,,,,,,,,,,,,,,,,,,,,,,,,,,,,,,,,
,,,,,,,,,,,,,,,,,,,,,,,,,,,,,,,,,,,,,,,,,,,,,,,,,,,,,,,,,,,,,
,,,,,,,,,,,,,,,,,,,,,,,,,,,,,,,,,,,,,,,,,,,,,,,,,,,,,,,,,,,,,
,,,,,,,,,,,,,,,,,,,,,,,,,,,,,,,,,,,,,,,,,,,,,,,,,,,,,,,,,,,,,
,,,,,,,,,,,,,,,,,,,,,,,,,,,,,,,,,,,,,,,,,,,,,,,,,,,,,,,,,,,,,
,,,,,,,,,,,,,,,,,,,,,,,,,,,,,,,,,,,,,,,,,,,,,,,,,,,,,,,,,,,,,
,,,,,,,,,,,,,,,,,,,,,,,,,,,,,,,,,,,,,,,,,,,,,,,,,,,,,,,,,,,,,
,,,,,,,,,,,,,,,,,,,,,,,,,,,,,,,,,,,,,,,,,,,,,,,,,,,,,,,,,,,,,
,,,,,,,,,,,,,,,,,,,,,,,,,,,,,,,,,,,,,,,,,,,,,,,,,,,,,,,,,,,,,
,,,,,,,,,,,,,,,,,,,,,,,,,,,,,,,,,,,,,,,,,,,,,,,,,,,,,,,,,,,,,
,,,,,,,,,,,,,,,,,,,,,,,,,,,,,,,,,,,,,,,,,,,,,,,,,,,,,,,,,,,,,
,,,,,,,,,,,,,,,,,,,,,,,,,,,,,,,,,,,,,,,,,,,,,,,,,,,,,,,,,,,,,
,,,,,,,,,,,,,,,,,,,,,,,,,,,,,,,,,,,,,,,,,,,,,,,,,,,,,,,,,,,,,
,,,,,,,,,,,,,,,,,,,,,,,,,,,,,,,,,,,,,,,,,,,,,,,,,,,,,,,,,,,,,
,,,,,,,,,,,,,,,,,,,,,,,,,,,,,,,,,,,,,,,,,,,,,,,,,,,,,,,,,,,,,
,,,,,,,,,,,,,,,,,,,,,,,,,,,,,,,,,,,,,,,,,,,,,,,,,,,,,,,,,,,,,
,,,,,,,,,,,,,,,,,,,,,,,,,,,,,,,,,,,,,,,,,,,,,,,,,,,,,,,,,,,,,
,,,,,,,,,,,,,,,,,,,,,,,,,,,,,,,,,,,,,,,,,,,,,,,,,,,,,,,,,,,,,
,,,,,,,,,,,,,,,,,,,,,,,,,,,,,,,,,,,,,,,,,,,,,,,,,,,,,,,,,,,,,
,,,,,,,,,,,,,,,,,,,,,,,,,,,,,,,,,,,,,,,,,,,,,,,,,,,,,,,,,,,,,
,,,,,,,,,,,,,,,,,,,,,,,,,,,,,,,,,,,,,,,,,,,,,,,,,,,,,,,,,,,,,
,,,,,,,,,,,,,,,,,,,,,,,,,,,,,,,,,,,,,,,,,,,,,,,,,,,,,,,,,,,,,
,,,,,,,,,,,,,,,,,,,,,,,,,,,,,,,,,,,,,,,,,,,,,,,,,,,,,,,,,,,,,
,,,,,,,,,,,,,,,,,,,,,,,,,,,,,,,,,,,,,,,,,,,,,,,,,,,,,,,,,,,,,
,,,,,,,,,,,,,,,,,,,,,,,,,,,,,,,,,,,,,,,,,,,,,,,,,,,,,,,,,,,,,
,,,,,,,,,,,,,,,,,,,,,,,,,,,,,,,,,,,,,,,,,,,,,,,,,,,,,,,,,,,,,
,,,,,,,,,,,,,,,,,,,,,,,,,,,,,,,,,,,,,,,,,,,,,,,,,,,,,,,,,,,,,
,,,,,,,,,,,,,,,,,,,,,,,,,,,,,,,,,,,,,,,,,,,,,,,,,,,,,,,,,,,,,
,,,,,,,,,,,,,,,,,,,,,,,,,,,,,,,,,,,,,,,,,,,,,,,,,,,,,,,,,,,,,
,,,,,,,,,,,,,,,,,,,,,,,,,,,,,,,,,,,,,,,,,,,,,,,,,,,,,,,,,,,,,
,,,,,,,,,,,,,,,,,,,,,,,,,,,,,,,,,,,,,,,,,,,,,,,,,,,,,,,,,,,,,
,,,,,,,,,,,,,,,,,,,,,,,,,,,,,,,,,,,,,,,,,,,,,,,,,,,,,,,,,,,,,
,,,,,,,,,,,,,,,,,,,,,,,,,,,,,,,,,,,,,,,,,,,,,,,,,,,,,,,,,,,,,
,,,,,,,,,,,,,,,,,,,,,,,,,,,,,,,,,,,,,,,,,,,,,,,,,,,,,,,,,,,,,
,,,,,,,,,,,,,,,,,,,,,,,,,,,,,,,,,,,,,,,,,,,,,,,,,,,,,,,,,,,,,
,,,,,,,,,,,,,,,,,,,,,,,,,,,,,,,,,,,,,,,,,,,,,,,,,,,,,,,,,,,,,
,,,,,,,,,,,,,,,,,,,,,,,,,,,,,,,,,,,,,,,,,,,,,,,,,,,,,,,,,,,,,
,,,,,,,,,,,,,,,,,,,,,,,,,,,,,,,,,,,,,,,,,,,,,,,,,,,,,,,,,,,,,
,,,,,,,,,,,,,,,,,,,,,,,,,,,,,,,,,,,,,,,,,,,,,,,,,,,,,,,,,,,,,
,,,,,,,,,,,,,,,,,,,,,,,,,,,,,,,,,,,,,,,,,,,,,,,,,,,,,,,,,,,,,
,,,,,,,,,,,,,,,,,,,,,,,,,,,,,,,,,,,,,,,,,,,,,,,,,,,,,,,,,,,,,
,,,,,,,,,,,,,,,,,,,,,,,,,,,,,,,,,,,,,,,,,,,,,,,,,,,,,,,,,,,,,
,,,,,,,,,,,,,,,,,,,,,,,,,,,,,,,,,,,,,,,,,,,,,,,,,,,,,,,,,,,,,
,,,,,,,,,,,,,,,,,,,,,,,,,,,,,,,,,,,,,,,,,,,,,,,,,,,,,,,,,,,,,
,,,,,,,,,,,,,,,,,,,,,,,,,,,,,,,,,,,,,,,,,,,,,,,,,,,,,,,,,,,,,
,,,,,,,,,,,,,,,,,,,,,,,,,,,,,,,,,,,,,,,,,,,,,,,,,,,,,,,,,,,,,
,,,,,,,,,,,,,,,,,,,,,,,,,,,,,,,,,,,,,,,,,,,,,,,,,,,,,,,,,,,,,
,,,,,,,,,,,,,,,,,,,,,,,,,,,,,,,,,,,,,,,,,,,,,,,,,,,,,,,,,,,,,
,,,,,,,,,,,,,,,,,,,,,,,,,,,,,,,,,,,,,,,,,,,,,,,,,,,,,,,,,,,,,
,,,,,,,,,,,,,,,,,,,,,,,,,,,,,,,,,,,,,,,,,,,,,,,,,,,,,,,,,,,,,
,,,,,,,,,,,,,,,,,,,,,,,,,,,,,,,,,,,,,,,,,,,,,,,,,,,,,,,,,,,,,
,,,,,,,,,,,,,,,,,,,,,,,,,,,,,,,,,,,,,,,,,,,,,,,,,,,,,,,,,,,,,
,,,,,,,,,,,,,,,,,,,,,,,,,,,,,,,,,,,,,,,,,,,,,,,,,,,,,,,,,,,,,
,,,,,,,,,,,,,,,,,,,,,,,,,,,,,,,,,,,,,,,,,,,,,,,,,,,,,,,,,,,,,
,,,,,,,,,,,,,,,,,,,,,,,,,,,,,,,,,,,,,,,,,,,,,,,,,,,,,,,,,,,,,
,,,,,,,,,,,,,,,,,,,,,,,,,,,,,,,,,,,,,,,,,,,,,,,,,,,,,,,,,,,,,
,,,,,,,,,,,,,,,,,,,,,,,,,,,,,,,,,,,,,,,,,,,,,,,,,,,,,,,,,,,,,
,,,,,,,,,,,,,,,,,,,,,,,,,,,,,,,,,,,,,,,,,,,,,,,,,,,,,,,,,,,,,
,,,,,,,,,,,,,,,,,,,,,,,,,,,,,,,,,,,,,,,,,,,,,,,,,,,,,,,,,,,,,
,,,,,,,,,,,,,,,,,,,,,,,,,,,,,,,,,,,,,,,,,,,,,,,,,,,,,,,,,,,,,
,,,,,,,,,,,,,,,,,,,,,,,,,,,,,,,,,,,,,,,,,,,,,,,,,,,,,,,,,,,,,
,,,,,,,,,,,,,,,,,,,,,,,,,,,,,,,,,,,,,,,,,,,,,,,,,,,,,,,,,,,,,
,,,,,,,,,,,,,,,,,,,,,,,,,,,,,,,,,,,,,,,,,,,,,,,,,,,,,,,,,,,,,
,,,,,,,,,,,,,,,,,,,,,,,,,,,,,,,,,,,,,,,,,,,,,,,,,,,,,,,,,,,,,
,,,,,,,,,,,,,,,,,,,,,,,,,,,,,,,,,,,,,,,,,,,,,,,,,,,,,,,,,,,,,
,,,,,,,,,,,,,,,,,,,,,,,,,,,,,,,,,,,,,,,,,,,,,,,,,,,,,,,,,,,,,
,,,,,,,,,,,,,,,,,,,,,,,,,,,,,,,,,,,,,,,,,,,,,,,,,,,,,,,,,,,,,
,,,,,,,,,,,,,,,,,,,,,,,,,,,,,,,,,,,,,,,,,,,,,,,,,,,,,,,,,,,,,
,,,,,,,,,,,,,,,,,,,,,,,,,,,,,,,,,,,,,,,,,,,,,,,,,,,,,,,,,,,,,
,,,,,,,,,,,,,,,,,,,,,,,,,,,,,,,,,,,,,,,,,,,,,,,,,,,,,,,,,,,,,
,,,,,,,,,,,,,,,,,,,,,,,,,,,,,,,,,,,,,,,,,,,,,,,,,,,,,,,,,,,,,
,,,,,,,,,,,,,,,,,,,,,,,,,,,,,,,,,,,,,,,,,,,,,,,,,,,,,,,,,,,,,
,,,,,,,,,,,,,,,,,,,,,,,,,,,,,,,,,,,,,,,,,,,,,,,,,,,,,,,,,,,,,
,,,,,,,,,,,,,,,,,,,,,,,,,,,,,,,,,,,,,,,,,,,,,,,,,,,,,,,,,,,,,
,,,,,,,,,,,,,,,,,,,,,,,,,,,,,,,,,,,,,,,,,,,,,,,,,,,,,,,,,,,,,
,,,,,,,,,,,,,,,,,,,,,,,,,,,,,,,,,,,,,,,,,,,,,,,,,,,,,,,,,,,,,
,,,,,,,,,,,,,,,,,,,,,,,,,,,,,,,,,,,,,,,,,,,,,,,,,,,,,,,,,,,,,
,,,,,,,,,,,,,,,,,,,,,,,,,,,,,,,,,,,,,,,,,,,,,,,,,,,,,,,,,,,,,
,,,,,,,,,,,,,,,,,,,,,,,,,,,,,,,,,,,,,,,,,,,,,,,,,,,,,,,,,,,,,
,,,,,,,,,,,,,,,,,,,,,,,,,,,,,,,,,,,,,,,,,,,,,,,,,,,,,,,,,,,,,
,,,,,,,,,,,,,,,,,,,,,,,,,,,,,,,,,,,,,,,,,,,,,,,,,,,,,,,,,,,,,
,,,,,,,,,,,,,,,,,,,,,,,,,,,,,,,,,,,,,,,,,,,,,,,,,,,,,,,,,,,,,
,,,,,,,,,,,,,,,,,,,,,,,,,,,,,,,,,,,,,,,,,,,,,,,,,,,,,,,,,,,,,
,,,,,,,,,,,,,,,,,,,,,,,,,,,,,,,,,,,,,,,,,,,,,,,,,,,,,,,,,,,,,
,,,,,,,,,,,,,,,,,,,,,,,,,,,,,,,,,,,,,,,,,,,,,,,,,,,,,,,,,,,,,
,,,,,,,,,,,,,,,,,,,,,,,,,,,,,,,,,,,,,,,,,,,,,,,,,,,,,,,,,,,,,
,,,,,,,,,,,,,,,,,,,,,,,,,,,,,,,,,,,,,,,,,,,,,,,,,,,,,,,,,,,,,
,,,,,,,,,,,,,,,,,,,,,,,,,,,,,,,,,,,,,,,,,,,,,,,,,,,,,,,,,,,,,
,,,,,,,,,,,,,,,,,,,,,,,,,,,,,,,,,,,,,,,,,,,,,,,,,,,,,,,,,,,,,
,,,,,,,,,,,,,,,,,,,,,,,,,,,,,,,,,,,,,,,,,,,,,,,,,,,,,,,,,,,,,
,,,,,,,,,,,,,,,,,,,,,,,,,,,,,,,,,,,,,,,,,,,,,,,,,,,,,,,,,,,,,
,,,,,,,,,,,,,,,,,,,,,,,,,,,,,,,,,,,,,,,,,,,,,,,,,,,,,,,,,,,,,
,,,,,,,,,,,,,,,,,,,,,,,,,,,,,,,,,,,,,,,,,,,,,,,,,,,,,,,,,,,,,
,,,,,,,,,,,,,,,,,,,,,,,,,,,,,,,,,,,,,,,,,,,,,,,,,,,,,,,,,,,,,
,,,,,,,,,,,,,,,,,,,,,,,,,,,,,,,,,,,,,,,,,,,,,,,,,,,,,,,,,,,,,
,,,,,,,,,,,,,,,,,,,,,,,,,,,,,,,,,,,,,,,,,,,,,,,,,,,,,,,,,,,,,
,,,,,,,,,,,,,,,,,,,,,,,,,,,,,,,,,,,,,,,,,,,,,,,,,,,,,,,,,,,,,
,,,,,,,,,,,,,,,,,,,,,,,,,,,,,,,,,,,,,,,,,,,,,,,,,,,,,,,,,,,,,
,,,,,,,,,,,,,,,,,,,,,,,,,,,,,,,,,,,,,,,,,,,,,,,,,,,,,,,,,,,,,
,,,,,,,,,,,,,,,,,,,,,,,,,,,,,,,,,,,,,,,,,,,,,,,,,,,,,,,,,,,,,
,,,,,,,,,,,,,,,,,,,,,,,,,,,,,,,,,,,,,,,,,,,,,,,,,,,,,,,,,,,,,
,,,,,,,,,,,,,,,,,,,,,,,,,,,,,,,,,,,,,,,,,,,,,,,,,,,,,,,,,,,,,
,,,,,,,,,,,,,,,,,,,,,,,,,,,,,,,,,,,,,,,,,,,,,,,,,,,,,,,,,,,,,
,,,,,,,,,,,,,,,,,,,,,,,,,,,,,,,,,,,,,,,,,,,,,,,,,,,,,,,,,,,,,
,,,,,,,,,,,,,,,,,,,,,,,,,,,,,,,,,,,,,,,,,,,,,,,,,,,,,,,,,,,,,
,,,,,,,,,,,,,,,,,,,,,,,,,,,,,,,,,,,,,,,,,,,,,,,,,,,,,,,,,,,,,
,,,,,,,,,,,,,,,,,,,,,,,,,,,,,,,,,,,,,,,,,,,,,,,,,,,,,,,,,,,,,
,,,,,,,,,,,,,,,,,,,,,,,,,,,,,,,,,,,,,,,,,,,,,,,,,,,,,,,,,,,,,
,,,,,,,,,,,,,,,,,,,,,,,,,,,,,,,,,,,,,,,,,,,,,,,,,,,,,,,,,,,,,
,,,,,,,,,,,,,,,,,,,,,,,,,,,,,,,,,,,,,,,,,,,,,,,,,,,,,,,,,,,,,
,,,,,,,,,,,,,,,,,,,,,,,,,,,,,,,,,,,,,,,,,,,,,,,,,,,,,,,,,,,,,
,,,,,,,,,,,,,,,,,,,,,,,,,,,,,,,,,,,,,,,,,,,,,,,,,,,,,,,,,,,,,
,,,,,,,,,,,,,,,,,,,,,,,,,,,,,,,,,,,,,,,,,,,,,,,,,,,,,,,,,,,,,
,,,,,,,,,,,,,,,,,,,,,,,,,,,,,,,,,,,,,,,,,,,,,,,,,,,,,,,,,,,,,
,,,,,,,,,,,,,,,,,,,,,,,,,,,,,,,,,,,,,,,,,,,,,,,,,,,,,,,,,,,,,
,,,,,,,,,,,,,,,,,,,,,,,,,,,,,,,,,,,,,,,,,,,,,,,,,,,,,,,,,,,,,
,,,,,,,,,,,,,,,,,,,,,,,,,,,,,,,,,,,,,,,,,,,,,,,,,,,,,,,,,,,,,
,,,,,,,,,,,,,,,,,,,,,,,,,,,,,,,,,,,,,,,,,,,,,,,,,,,,,,,,,,,,,
,,,,,,,,,,,,,,,,,,,,,,,,,,,,,,,,,,,,,,,,,,,,,,,,,,,,,,,,,,,,,
,,,,,,,,,,,,,,,,,,,,,,,,,,,,,,,,,,,,,,,,,,,,,,,,,,,,,,,,,,,,,
,,,,,,,,,,,,,,,,,,,,,,,,,,,,,,,,,,,,,,,,,,,,,,,,,,,,,,,,,,,,,
,,,,,,,,,,,,,,,,,,,,,,,,,,,,,,,,,,,,,,,,,,,,,,,,,,,,,,,,,,,,,
,,,,,,,,,,,,,,,,,,,,,,,,,,,,,,,,,,,,,,,,,,,,,,,,,,,,,,,,,,,,,
,,,,,,,,,,,,,,,,,,,,,,,,,,,,,,,,,,,,,,,,,,,,,,,,,,,,,,,,,,,,,
,,,,,,,,,,,,,,,,,,,,,,,,,,,,,,,,,,,,,,,,,,,,,,,,,,,,,,,,,,,,,
,,,,,,,,,,,,,,,,,,,,,,,,,,,,,,,,,,,,,,,,,,,,,,,,,,,,,,,,,,,,,
,,,,,,,,,,,,,,,,,,,,,,,,,,,,,,,,,,,,,,,,,,,,,,,,,,,,,,,,,,,,,
,,,,,,,,,,,,,,,,,,,,,,,,,,,,,,,,,,,,,,,,,,,,,,,,,,,,,,,,,,,,,
,,,,,,,,,,,,,,,,,,,,,,,,,,,,,,,,,,,,,,,,,,,,,,,,,,,,,,,,,,,,,
,,,,,,,,,,,,,,,,,,,,,,,,,,,,,,,,,,,,,,,,,,,,,,,,,,,,,,,,,,,,,
,,,,,,,,,,,,,,,,,,,,,,,,,,,,,,,,,,,,,,,,,,,,,,,,,,,,,,,,,,,,,
,,,,,,,,,,,,,,,,,,,,,,,,,,,,,,,,,,,,,,,,,,,,,,,,,,,,,,,,,,,,,
,,,,,,,,,,,,,,,,,,,,,,,,,,,,,,,,,,,,,,,,,,,,,,,,,,,,,,,,,,,,,
,,,,,,,,,,,,,,,,,,,,,,,,,,,,,,,,,,,,,,,,,,,,,,,,,,,,,,,,,,,,,
,,,,,,,,,,,,,,,,,,,,,,,,,,,,,,,,,,,,,,,,,,,,,,,,,,,,,,,,,,,,,
,,,,,,,,,,,,,,,,,,,,,,,,,,,,,,,,,,,,,,,,,,,,,,,,,,,,,,,,,,,,,
,,,,,,,,,,,,,,,,,,,,,,,,,,,,,,,,,,,,,,,,,,,,,,,,,,,,,,,,,,,,,
,,,,,,,,,,,,,,,,,,,,,,,,,,,,,,,,,,,,,,,,,,,,,,,,,,,,,,,,,,,,,
,,,,,,,,,,,,,,,,,,,,,,,,,,,,,,,,,,,,,,,,,,,,,,,,,,,,,,,,,,,,,
,,,,,,,,,,,,,,,,,,,,,,,,,,,,,,,,,,,,,,,,,,,,,,,,,,,,,,,,,,,,,
,,,,,,,,,,,,,,,,,,,,,,,,,,,,,,,,,,,,,,,,,,,,,,,,,,,,,,,,,,,,,
,,,,,,,,,,,,,,,,,,,,,,,,,,,,,,,,,,,,,,,,,,,,,,,,,,,,,,,,,,,,,
,,,,,,,,,,,,,,,,,,,,,,,,,,,,,,,,,,,,,,,,,,,,,,,,,,,,,,,,,,,,,
,,,,,,,,,,,,,,,,,,,,,,,,,,,,,,,,,,,,,,,,,,,,,,,,,,,,,,,,,,,,,
,,,,,,,,,,,,,,,,,,,,,,,,,,,,,,,,,,,,,,,,,,,,,,,,,,,,,,,,,,,,,
,,,,,,,,,,,,,,,,,,,,,,,,,,,,,,,,,,,,,,,,,,,,,,,,,,,,,,,,,,,,,
,,,,,,,,,,,,,,,,,,,,,,,,,,,,,,,,,,,,,,,,,,,,,,,,,,,,,,,,,,,,,
,,,,,,,,,,,,,,,,,,,,,,,,,,,,,,,,,,,,,,,,,,,,,,,,,,,,,,,,,,,,,
,,,,,,,,,,,,,,,,,,,,,,,,,,,,,,,,,,,,,,,,,,,,,,,,,,,,,,,,,,,,,
,,,,,,,,,,,,,,,,,,,,,,,,,,,,,,,,,,,,,,,,,,,,,,,,,,,,,,,,,,,,,
,,,,,,,,,,,,,,,,,,,,,,,,,,,,,,,,,,,,,,,,,,,,,,,,,,,,,,,,,,,,,
,,,,,,,,,,,,,,,,,,,,,,,,,,,,,,,,,,,,,,,,,,,,,,,,,,,,,,,,,,,,,
,,,,,,,,,,,,,,,,,,,,,,,,,,,,,,,,,,,,,,,,,,,,,,,,,,,,,,,,,,,,,
,,,,,,,,,,,,,,,,,,,,,,,,,,,,,,,,,,,,,,,,,,,,,,,,,,,,,,,,,,,,,
,,,,,,,,,,,,,,,,,,,,,,,,,,,,,,,,,,,,,,,,,,,,,,,,,,,,,,,,,,,,,
,,,,,,,,,,,,,,,,,,,,,,,,,,,,,,,,,,,,,,,,,,,,,,,,,,,,,,,,,,,,,
,,,,,,,,,,,,,,,,,,,,,,,,,,,,,,,,,,,,,,,,,,,,,,,,,,,,,,,,,,,,,
,,,,,,,,,,,,,,,,,,,,,,,,,,,,,,,,,,,,,,,,,,,,,,,,,,,,,,,,,,,,,
,,,,,,,,,,,,,,,,,,,,,,,,,,,,,,,,,,,,,,,,,,,,,,,,,,,,,,,,,,,,,
,,,,,,,,,,,,,,,,,,,,,,,,,,,,,,,,,,,,,,,,,,,,,,,,,,,,,,,,,,,,,
,,,,,,,,,,,,,,,,,,,,,,,,,,,,,,,,,,,,,,,,,,,,,,,,,,,,,,,,,,,,,
,,,,,,,,,,,,,,,,,,,,,,,,,,,,,,,,,,,,,,,,,,,,,,,,,,,,,,,,,,,,,
,,,,,,,,,,,,,,,,,,,,,,,,,,,,,,,,,,,,,,,,,,,,,,,,,,,,,,,,,,,,,
,,,,,,,,,,,,,,,,,,,,,,,,,,,,,,,,,,,,,,,,,,,,,,,,,,,,,,,,,,,,,
,,,,,,,,,,,,,,,,,,,,,,,,,,,,,,,,,,,,,,,,,,,,,,,,,,,,,,,,,,,,,
,,,,,,,,,,,,,,,,,,,,,,,,,,,,,,,,,,,,,,,,,,,,,,,,,,,,,,,,,,,,,
,,,,,,,,,,,,,,,,,,,,,,,,,,,,,,,,,,,,,,,,,,,,,,,,,,,,,,,,,,,,,
,,,,,,,,,,,,,,,,,,,,,,,,,,,,,,,,,,,,,,,,,,,,,,,,,,,,,,,,,,,,,
,,,,,,,,,,,,,,,,,,,,,,,,,,,,,,,,,,,,,,,,,,,,,,,,,,,,,,,,,,,,,
,,,,,,,,,,,,,,,,,,,,,,,,,,,,,,,,,,,,,,,,,,,,,,,,,,,,,,,,,,,,,
,,,,,,,,,,,,,,,,,,,,,,,,,,,,,,,,,,,,,,,,,,,,,,,,,,,,,,,,,,,,,
,,,,,,,,,,,,,,,,,,,,,,,,,,,,,,,,,,,,,,,,,,,,,,,,,,,,,,,,,,,,,
,,,,,,,,,,,,,,,,,,,,,,,,,,,,,,,,,,,,,,,,,,,,,,,,,,,,,,,,,,,,,
,,,,,,,,,,,,,,,,,,,,,,,,,,,,,,,,,,,,,,,,,,,,,,,,,,,,,,,,,,,,,
,,,,,,,,,,,,,,,,,,,,,,,,,,,,,,,,,,,,,,,,,,,,,,,,,,,,,,,,,,,,,
,,,,,,,,,,,,,,,,,,,,,,,,,,,,,,,,,,,,,,,,,,,,,,,,,,,,,,,,,,,,,
,,,,,,,,,,,,,,,,,,,,,,,,,,,,,,,,,,,,,,,,,,,,,,,,,,,,,,,,,,,,,
,,,,,,,,,,,,,,,,,,,,,,,,,,,,,,,,,,,,,,,,,,,,,,,,,,,,,,,,,,,,,
,,,,,,,,,,,,,,,,,,,,,,,,,,,,,,,,,,,,,,,,,,,,,,,,,,,,,,,,,,,,,
,,,,,,,,,,,,,,,,,,,,,,,,,,,,,,,,,,,,,,,,,,,,,,,,,,,,,,,,,,,,,
,,,,,,,,,,,,,,,,,,,,,,,,,,,,,,,,,,,,,,,,,,,,,,,,,,,,,,,,,,,,,
,,,,,,,,,,,,,,,,,,,,,,,,,,,,,,,,,,,,,,,,,,,,,,,,,,,,,,,,,,,,,
,,,,,,,,,,,,,,,,,,,,,,,,,,,,,,,,,,,,,,,,,,,,,,,,,,,,,,,,,,,,,
,,,,,,,,,,,,,,,,,,,,,,,,,,,,,,,,,,,,,,,,,,,,,,,,,,,,,,,,,,,,,
,,,,,,,,,,,,,,,,,,,,,,,,,,,,,,,,,,,,,,,,,,,,,,,,,,,,,,,,,,,,,
,,,,,,,,,,,,,,,,,,,,,,,,,,,,,,,,,,,,,,,,,,,,,,,,,,,,,,,,,,,,,
,,,,,,,,,,,,,,,,,,,,,,,,,,,,,,,,,,,,,,,,,,,,,,,,,,,,,,,,,,,,,
,,,,,,,,,,,,,,,,,,,,,,,,,,,,,,,,,,,,,,,,,,,,,,,,,,,,,,,,,,,,,
,,,,,,,,,,,,,,,,,,,,,,,,,,,,,,,,,,,,,,,,,,,,,,,,,,,,,,,,,,,,,
,,,,,,,,,,,,,,,,,,,,,,,,,,,,,,,,,,,,,,,,,,,,,,,,,,,,,,,,,,,,,
,,,,,,,,,,,,,,,,,,,,,,,,,,,,,,,,,,,,,,,,,,,,,,,,,,,,,,,,,,,,,
,,,,,,,,,,,,,,,,,,,,,,,,,,,,,,,,,,,,,,,,,,,,,,,,,,,,,,,,,,,,,
,,,,,,,,,,,,,,,,,,,,,,,,,,,,,,,,,,,,,,,,,,,,,,,,,,,,,,,,,,,,,
,,,,,,,,,,,,,,,,,,,,,,,,,,,,,,,,,,,,,,,,,,,,,,,,,,,,,,,,,,,,,
,,,,,,,,,,,,,,,,,,,,,,,,,,,,,,,,,,,,,,,,,,,,,,,,,,,,,,,,,,,,,
,,,,,,,,,,,,,,,,,,,,,,,,,,,,,,,,,,,,,,,,,,,,,,,,,,,,,,,,,,,,,
,,,,,,,,,,,,,,,,,,,,,,,,,,,,,,,,,,,,,,,,,,,,,,,,,,,,,,,,,,,,,
,,,,,,,,,,,,,,,,,,,,,,,,,,,,,,,,,,,,,,,,,,,,,,,,,,,,,,,,,,,,,
,,,,,,,,,,,,,,,,,,,,,,,,,,,,,,,,,,,,,,,,,,,,,,,,,,,,,,,,,,,,,
,,,,,,,,,,,,,,,,,,,,,,,,,,,,,,,,,,,,,,,,,,,,,,,,,,,,,,,,,,,,,
,,,,,,,,,,,,,,,,,,,,,,,,,,,,,,,,,,,,,,,,,,,,,,,,,,,,,,,,,,,,,
,,,,,,,,,,,,,,,,,,,,,,,,,,,,,,,,,,,,,,,,,,,,,,,,,,,,,,,,,,,,,
,,,,,,,,,,,,,,,,,,,,,,,,,,,,,,,,,,,,,,,,,,,,,,,,,,,,,,,,,,,,,
,,,,,,,,,,,,,,,,,,,,,,,,,,,,,,,,,,,,,,,,,,,,,,,,,,,,,,,,,,,,,
,,,,,,,,,,,,,,,,,,,,,,,,,,,,,,,,,,,,,,,,,,,,,,,,,,,,,,,,,,,,,
,,,,,,,,,,,,,,,,,,,,,,,,,,,,,,,,,,,,,,,,,,,,,,,,,,,,,,,,,,,,,
,,,,,,,,,,,,,,,,,,,,,,,,,,,,,,,,,,,,,,,,,,,,,,,,,,,,,,,,,,,,,
,,,,,,,,,,,,,,,,,,,,,,,,,,,,,,,,,,,,,,,,,,,,,,,,,,,,,,,,,,,,,
,,,,,,,,,,,,,,,,,,,,,,,,,,,,,,,,,,,,,,,,,,,,,,,,,,,,,,,,,,,,,
,,,,,,,,,,,,,,,,,,,,,,,,,,,,,,,,,,,,,,,,,,,,,,,,,,,,,,,,,,,,,
,,,,,,,,,,,,,,,,,,,,,,,,,,,,,,,,,,,,,,,,,,,,,,,,,,,,,,,,,,,,,
,,,,,,,,,,,,,,,,,,,,,,,,,,,,,,,,,,,,,,,,,,,,,,,,,,,,,,,,,,,,,
,,,,,,,,,,,,,,,,,,,,,,,,,,,,,,,,,,,,,,,,,,,,,,,,,,,,,,,,,,,,,
,,,,,,,,,,,,,,,,,,,,,,,,,,,,,,,,,,,,,,,,,,,,,,,,,,,,,,,,,,,,,
,,,,,,,,,,,,,,,,,,,,,,,,,,,,,,,,,,,,,,,,,,,,,,,,,,,,,,,,,,,,,
,,,,,,,,,,,,,,,,,,,,,,,,,,,,,,,,,,,,,,,,,,,,,,,,,,,,,,,,,,,,,
,,,,,,,,,,,,,,,,,,,,,,,,,,,,,,,,,,,,,,,,,,,,,,,,,,,,,,,,,,,,,
,,,,,,,,,,,,,,,,,,,,,,,,,,,,,,,,,,,,,,,,,,,,,,,,,,,,,,,,,,,,,
,,,,,,,,,,,,,,,,,,,,,,,,,,,,,,,,,,,,,,,,,,,,,,,,,,,,,,,,,,,,,
,,,,,,,,,,,,,,,,,,,,,,,,,,,,,,,,,,,,,,,,,,,,,,,,,,,,,,,,,,,,,
,,,,,,,,,,,,,,,,,,,,,,,,,,,,,,,,,,,,,,,,,,,,,,,,,,,,,,,,,,,,,
,,,,,,,,,,,,,,,,,,,,,,,,,,,,,,,,,,,,,,,,,,,,,,,,,,,,,,,,,,,,,
,,,,,,,,,,,,,,,,,,,,,,,,,,,,,,,,,,,,,,,,,,,,,,,,,,,,,,,,,,,,,
,,,,,,,,,,,,,,,,,,,,,,,,,,,,,,,,,,,,,,,,,,,,,,,,,,,,,,,,,,,,,
,,,,,,,,,,,,,,,,,,,,,,,,,,,,,,,,,,,,,,,,,,,,,,,,,,,,,,,,,,,,,
,,,,,,,,,,,,,,,,,,,,,,,,,,,,,,,,,,,,,,,,,,,,,,,,,,,,,,,,,,,,,
,,,,,,,,,,,,,,,,,,,,,,,,,,,,,,,,,,,,,,,,,,,,,,,,,,,,,,,,,,,,,
,,,,,,,,,,,,,,,,,,,,,,,,,,,,,,,,,,,,,,,,,,,,,,,,,,,,,,,,,,,,,
,,,,,,,,,,,,,,,,,,,,,,,,,,,,,,,,,,,,,,,,,,,,,,,,,,,,,,,,,,,,,
,,,,,,,,,,,,,,,,,,,,,,,,,,,,,,,,,,,,,,,,,,,,,,,,,,,,,,,,,,,,,
,,,,,,,,,,,,,,,,,,,,,,,,,,,,,,,,,,,,,,,,,,,,,,,,,,,,,,,,,,,,,
,,,,,,,,,,,,,,,,,,,,,,,,,,,,,,,,,,,,,,,,,,,,,,,,,,,,,,,,,,,,,
,,,,,,,,,,,,,,,,,,,,,,,,,,,,,,,,,,,,,,,,,,,,,,,,,,,,,,,,,,,,,
,,,,,,,,,,,,,,,,,,,,,,,,,,,,,,,,,,,,,,,,,,,,,,,,,,,,,,,,,,,,,
,,,,,,,,,,,,,,,,,,,,,,,,,,,,,,,,,,,,,,,,,,,,,,,,,,,,,,,,,,,,,
,,,,,,,,,,,,,,,,,,,,,,,,,,,,,,,,,,,,,,,,,,,,,,,,,,,,,,,,,,,,,
,,,,,,,,,,,,,,,,,,,,,,,,,,,,,,,,,,,,,,,,,,,,,,,,,,,,,,,,,,,,,
,,,,,,,,,,,,,,,,,,,,,,,,,,,,,,,,,,,,,,,,,,,,,,,,,,,,,,,,,,,,,
,,,,,,,,,,,,,,,,,,,,,,,,,,,,,,,,,,,,,,,,,,,,,,,,,,,,,,,,,,,,,
,,,,,,,,,,,,,,,,,,,,,,,,,,,,,,,,,,,,,,,,,,,,,,,,,,,,,,,,,,,,,
,,,,,,,,,,,,,,,,,,,,,,,,,,,,,,,,,,,,,,,,,,,,,,,,,,,,,,,,,,,,,
,,,,,,,,,,,,,,,,,,,,,,,,,,,,,,,,,,,,,,,,,,,,,,,,,,,,,,,,,,,,,
,,,,,,,,,,,,,,,,,,,,,,,,,,,,,,,,,,,,,,,,,,,,,,,,,,,,,,,,,,,,,
,,,,,,,,,,,,,,,,,,,,,,,,,,,,,,,,,,,,,,,,,,,,,,,,,,,,,,,,,,,,,
,,,,,,,,,,,,,,,,,,,,,,,,,,,,,,,,,,,,,,,,,,,,,,,,,,,,,,,,,,,,,
,,,,,,,,,,,,,,,,,,,,,,,,,,,,,,,,,,,,,,,,,,,,,,,,,,,,,,,,,,,,,
,,,,,,,,,,,,,,,,,,,,,,,,,,,,,,,,,,,,,,,,,,,,,,,,,,,,,,,,,,,,,
,,,,,,,,,,,,,,,,,,,,,,,,,,,,,,,,,,,,,,,,,,,,,,,,,,,,,,,,,,,,,
,,,,,,,,,,,,,,,,,,,,,,,,,,,,,,,,,,,,,,,,,,,,,,,,,,,,,,,,,,,,,
,,,,,,,,,,,,,,,,,,,,,,,,,,,,,,,,,,,,,,,,,,,,,,,,,,,,,,,,,,,,,
,,,,,,,,,,,,,,,,,,,,,,,,,,,,,,,,,,,,,,,,,,,,,,,,,,,,,,,,,,,,,
,,,,,,,,,,,,,,,,,,,,,,,,,,,,,,,,,,,,,,,,,,,,,,,,,,,,,,,,,,,,,
,,,,,,,,,,,,,,,,,,,,,,,,,,,,,,,,,,,,,,,,,,,,,,,,,,,,,,,,,,,,,
,,,,,,,,,,,,,,,,,,,,,,,,,,,,,,,,,,,,,,,,,,,,,,,,,,,,,,,,,,,,,
,,,,,,,,,,,,,,,,,,,,,,,,,,,,,,,,,,,,,,,,,,,,,,,,,,,,,,,,,,,,,
,,,,,,,,,,,,,,,,,,,,,,,,,,,,,,,,,,,,,,,,,,,,,,,,,,,,,,,,,,,,,
,,,,,,,,,,,,,,,,,,,,,,,,,,,,,,,,,,,,,,,,,,,,,,,,,,,,,,,,,,,,,
,,,,,,,,,,,,,,,,,,,,,,,,,,,,,,,,,,,,,,,,,,,,,,,,,,,,,,,,,,,,,
,,,,,,,,,,,,,,,,,,,,,,,,,,,,,,,,,,,,,,,,,,,,,,,,,,,,,,,,,,,,,
,,,,,,,,,,,,,,,,,,,,,,,,,,,,,,,,,,,,,,,,,,,,,,,,,,,,,,,,,,,,,
,,,,,,,,,,,,,,,,,,,,,,,,,,,,,,,,,,,,,,,,,,,,,,,,,,,,,,,,,,,,,
,,,,,,,,,,,,,,,,,,,,,,,,,,,,,,,,,,,,,,,,,,,,,,,,,,,,,,,,,,,,,
,,,,,,,,,,,,,,,,,,,,,,,,,,,,,,,,,,,,,,,,,,,,,,,,,,,,,,,,,,,,,
,,,,,,,,,,,,,,,,,,,,,,,,,,,,,,,,,,,,,,,,,,,,,,,,,,,,,,,,,,,,,
,,,,,,,,,,,,,,,,,,,,,,,,,,,,,,,,,,,,,,,,,,,,,,,,,,,,,,,,,,,,,
,,,,,,,,,,,,,,,,,,,,,,,,,,,,,,,,,,,,,,,,,,,,,,,,,,,,,,,,,,,,,
,,,,,,,,,,,,,,,,,,,,,,,,,,,,,,,,,,,,,,,,,,,,,,,,,,,,,,,,,,,,,
,,,,,,,,,,,,,,,,,,,,,,,,,,,,,,,,,,,,,,,,,,,,,,,,,,,,,,,,,,,,,
,,,,,,,,,,,,,,,,,,,,,,,,,,,,,,,,,,,,,,,,,,,,,,,,,,,,,,,,,,,,,
,,,,,,,,,,,,,,,,,,,,,,,,,,,,,,,,,,,,,,,,,,,,,,,,,,,,,,,,,,,,,
,,,,,,,,,,,,,,,,,,,,,,,,,,,,,,,,,,,,,,,,,,,,,,,,,,,,,,,,,,,,,
,,,,,,,,,,,,,,,,,,,,,,,,,,,,,,,,,,,,,,,,,,,,,,,,,,,,,,,,,,,,,
,,,,,,,,,,,,,,,,,,,,,,,,,,,,,,,,,,,,,,,,,,,,,,,,,,,,,,,,,,,,,
,,,,,,,,,,,,,,,,,,,,,,,,,,,,,,,,,,,,,,,,,,,,,,,,,,,,,,,,,,,,,
,,,,,,,,,,,,,,,,,,,,,,,,,,,,,,,,,,,,,,,,,,,,,,,,,,,,,,,,,,,,,
,,,,,,,,,,,,,,,,,,,,,,,,,,,,,,,,,,,,,,,,,,,,,,,,,,,,,,,,,,,,,
,,,,,,,,,,,,,,,,,,,,,,,,,,,,,,,,,,,,,,,,,,,,,,,,,,,,,,,,,,,,,
,,,,,,,,,,,,,,,,,,,,,,,,,,,,,,,,,,,,,,,,,,,,,,,,,,,,,,,,,,,,,
,,,,,,,,,,,,,,,,,,,,,,,,,,,,,,,,,,,,,,,,,,,,,,,,,,,,,,,,,,,,,
,,,,,,,,,,,,,,,,,,,,,,,,,,,,,,,,,,,,,,,,,,,,,,,,,,,,,,,,,,,,,
,,,,,,,,,,,,,,,,,,,,,,,,,,,,,,,,,,,,,,,,,,,,,,,,,,,,,,,,,,,,,
,,,,,,,,,,,,,,,,,,,,,,,,,,,,,,,,,,,,,,,,,,,,,,,,,,,,,,,,,,,,,
,,,,,,,,,,,,,,,,,,,,,,,,,,,,,,,,,,,,,,,,,,,,,,,,,,,,,,,,,,,,,
,,,,,,,,,,,,,,,,,,,,,,,,,,,,,,,,,,,,,,,,,,,,,,,,,,,,,,,,,,,,,
,,,,,,,,,,,,,,,,,,,,,,,,,,,,,,,,,,,,,,,,,,,,,,,,,,,,,,,,,,,,,
,,,,,,,,,,,,,,,,,,,,,,,,,,,,,,,,,,,,,,,,,,,,,,,,,,,,,,,,,,,,,
,,,,,,,,,,,,,,,,,,,,,,,,,,,,,,,,,,,,,,,,,,,,,,,,,,,,,,,,,,,,,
,,,,,,,,,,,,,,,,,,,,,,,,,,,,,,,,,,,,,,,,,,,,,,,,,,,,,,,,,,,,,
,,,,,,,,,,,,,,,,,,,,,,,,,,,,,,,,,,,,,,,,,,,,,,,,,,,,,,,,,,,,,
,,,,,,,,,,,,,,,,,,,,,,,,,,,,,,,,,,,,,,,,,,,,,,,,,,,,,,,,,,,,,
,,,,,,,,,,,,,,,,,,,,,,,,,,,,,,,,,,,,,,,,,,,,,,,,,,,,,,,,,,,,,
,,,,,,,,,,,,,,,,,,,,,,,,,,,,,,,,,,,,,,,,,,,,,,,,,,,,,,,,,,,,,
,,,,,,,,,,,,,,,,,,,,,,,,,,,,,,,,,,,,,,,,,,,,,,,,,,,,,,,,,,,,,
,,,,,,,,,,,,,,,,,,,,,,,,,,,,,,,,,,,,,,,,,,,,,,,,,,,,,,,,,,,,,
,,,,,,,,,,,,,,,,,,,,,,,,,,,,,,,,,,,,,,,,,,,,,,,,,,,,,,,,,,,,,
,,,,,,,,,,,,,,,,,,,,,,,,,,,,,,,,,,,,,,,,,,,,,,,,,,,,,,,,,,,,,
,,,,,,,,,,,,,,,,,,,,,,,,,,,,,,,,,,,,,,,,,,,,,,,,,,,,,,,,,,,,,
,,,,,,,,,,,,,,,,,,,,,,,,,,,,,,,,,,,,,,,,,,,,,,,,,,,,,,,,,,,,,
,,,,,,,,,,,,,,,,,,,,,,,,,,,,,,,,,,,,,,,,,,,,,,,,,,,,,,,,,,,,,
,,,,,,,,,,,,,,,,,,,,,,,,,,,,,,,,,,,,,,,,,,,,,,,,,,,,,,,,,,,,,
,,,,,,,,,,,,,,,,,,,,,,,,,,,,,,,,,,,,,,,,,,,,,,,,,,,,,,,,,,,,,
,,,,,,,,,,,,,,,,,,,,,,,,,,,,,,,,,,,,,,,,,,,,,,,,,,,,,,,,,,,,,
,,,,,,,,,,,,,,,,,,,,,,,,,,,,,,,,,,,,,,,,,,,,,,,,,,,,,,,,,,,,,
,,,,,,,,,,,,,,,,,,,,,,,,,,,,,,,,,,,,,,,,,,,,,,,,,,,,,,,,,,,,,
,,,,,,,,,,,,,,,,,,,,,,,,,,,,,,,,,,,,,,,,,,,,,,,,,,,,,,,,,,,,,
,,,,,,,,,,,,,,,,,,,,,,,,,,,,,,,,,,,,,,,,,,,,,,,,,,,,,,,,,,,,,
,,,,,,,,,,,,,,,,,,,,,,,,,,,,,,,,,,,,,,,,,,,,,,,,,,,,,,,,,,,,,
,,,,,,,,,,,,,,,,,,,,,,,,,,,,,,,,,,,,,,,,,,,,,,,,,,,,,,,,,,,,,
,,,,,,,,,,,,,,,,,,,,,,,,,,,,,,,,,,,,,,,,,,,,,,,,,,,,,,,,,,,,,
,,,,,,,,,,,,,,,,,,,,,,,,,,,,,,,,,,,,,,,,,,,,,,,,,,,,,,,,,,,,,
,,,,,,,,,,,,,,,,,,,,,,,,,,,,,,,,,,,,,,,,,,,,,,,,,,,,,,,,,,,,,
,,,,,,,,,,,,,,,,,,,,,,,,,,,,,,,,,,,,,,,,,,,,,,,,,,,,,,,,,,,,,
,,,,,,,,,,,,,,,,,,,,,,,,,,,,,,,,,,,,,,,,,,,,,,,,,,,,,,,,,,,,,
,,,,,,,,,,,,,,,,,,,,,,,,,,,,,,,,,,,,,,,,,,,,,,,,,,,,,,,,,,,,,
,,,,,,,,,,,,,,,,,,,,,,,,,,,,,,,,,,,,,,,,,,,,,,,,,,,,,,,,,,,,,
,,,,,,,,,,,,,,,,,,,,,,,,,,,,,,,,,,,,,,,,,,,,,,,,,,,,,,,,,,,,,
,,,,,,,,,,,,,,,,,,,,,,,,,,,,,,,,,,,,,,,,,,,,,,,,,,,,,,,,,,,,,
,,,,,,,,,,,,,,,,,,,,,,,,,,,,,,,,,,,,,,,,,,,,,,,,,,,,,,,,,,,,,
,,,,,,,,,,,,,,,,,,,,,,,,,,,,,,,,,,,,,,,,,,,,,,,,,,,,,,,,,,,,,
,,,,,,,,,,,,,,,,,,,,,,,,,,,,,,,,,,,,,,,,,,,,,,,,,,,,,,,,,,,,,
,,,,,,,,,,,,,,,,,,,,,,,,,,,,,,,,,,,,,,,,,,,,,,,,,,,,,,,,,,,,,
,,,,,,,,,,,,,,,,,,,,,,,,,,,,,,,,,,,,,,,,,,,,,,,,,,,,,,,,,,,,,
,,,,,,,,,,,,,,,,,,,,,,,,,,,,,,,,,,,,,,,,,,,,,,,,,,,,,,,,,,,,,
,,,,,,,,,,,,,,,,,,,,,,,,,,,,,,,,,,,,,,,,,,,,,,,,,,,,,,,,,,,,,
,,,,,,,,,,,,,,,,,,,,,,,,,,,,,,,,,,,,,,,,,,,,,,,,,,,,,,,,,,,,,
,,,,,,,,,,,,,,,,,,,,,,,,,,,,,,,,,,,,,,,,,,,,,,,,,,,,,,,,,,,,,
,,,,,,,,,,,,,,,,,,,,,,,,,,,,,,,,,,,,,,,,,,,,,,,,,,,,,,,,,,,,,
,,,,,,,,,,,,,,,,,,,,,,,,,,,,,,,,,,,,,,,,,,,,,,,,,,,,,,,,,,,,,
,,,,,,,,,,,,,,,,,,,,,,,,,,,,,,,,,,,,,,,,,,,,,,,,,,,,,,,,,,,,,
,,,,,,,,,,,,,,,,,,,,,,,,,,,,,,,,,,,,,,,,,,,,,,,,,,,,,,,,,,,,,
